,Nama,Parti,Jawatan dalam Parlimen,Jawatan dalam Kabinet,Tempat Duduk,Parlimen,Kawasan,Negeri,No. Telefon,No. Faks,Email,Alamat Surat-menyurat,image_URL,,MAKLUMAT,Media Sosial
0,YB TAN SRI AZHAR AZIZAN HARUN,,,,,,Yang di-Pertua Dewan Rakyat,0,03-20700368,03-20708654,azharharun@parlimen.gov.my,"Pejabat Yang di-Pertua Dewan Rakyat, Aras 1 Blok Utama, Bangunan Parlimen, Jalan Parlimen, 50680 KUALA LUMPUR.",https://www.parlimen.gov.my//images/webuser/ahli/2020/bbb.jpg,,MAKLUMAT,
1,YB DATO' MOHD RASHID HASNON,BERSATU,Timbalan Yang di-Pertua Dewan Rakyat,,A-26,P150,BATU PAHAT,Johor,03-20783808,03-20780961,pkmpbpahat18@gmail.com,"Pusat Khidmat Rakyat Parlimen Batu Pahat, No. 8, Jalan Timah Hitam, Taman Bukit Pasir, 83000 Batu Pahat, Johor Darul Takzim.",https://www.parlimen.gov.my//images/webuser/ahli/2013/P.150-BATU PAHAT.png,,MAKLUMAT,
2,DR. NIZAM MYDIN BIN BACHA MYDIN,,Setiausaha Dewan Rakyat,,Setiausaha Dewan Rakyat,-,-,-,03-26017372,03-20704676,nizam.mydin@parlimen.gov.my,"Pejabat Setiausaha Dewan Rakyat, Bangunan Parlimen, Jalan Parlimen, 50680 Kuala Lumpur.",https://www.parlimen.gov.my//images/webuser/ahli/2019/Nizam_Bacha.jpg,,MAKLUMAT,
3,YAB DATO' SRI ISMAIL SABRI BIN YAAKOB,BN - UMNO,,YAB PERDANA MENTERI,A-3,P090,BERA,Pahang,03-8888 2211,03-88883973,ismailsabri@pmo.gov.my,"Pejabat Perdana Menteri, Aras 5, Blok Utama, Bangunan Perdana Putra, Pusat Pentadbiran Kerajaan Persekutuan, 62502 PUTRAJAYA.",https://www.parlimen.gov.my//images/webuser/ahli/2013/PM.jpg,,MAKLUMAT,
4,YB DATO' SERI MOHAMED AZMIN BIN ALI,BERSATU,,Menteri Kanan Perdagangan Antarabangsa dan Industri,A-2,P098,GOMBAK,Selangor,03-62000001,03-62064036,azminali@miti.gov.my,"Kementerian Perdagangan Antarabangsa dan Industri, Aras 30, Menara MITI, No.7, Jalan Sultan Haji Ahmad Shah, 50480 KUALA LUMPUR",https://www.parlimen.gov.my//images/webuser/ahli/2013/P.098-GOMBAK.png,,MAKLUMAT,
5,YB DATO' SERI HISHAMMUDDIN TUN HUSSEIN,BN - UMNO,,Menteri Kanan Pertahanan,B-11,P153,SEMBRONG,Johor,03-26985020,03-20714551,hishammuddin@mod.gov.my,"Kementerian Pertahanan, Aras 5, Wisma Pertahanan, Jalan Padang Tembak, 50634 KUALA LUMPUR.",https://www.parlimen.gov.my//images/webuser/ahli/2013/P.153-SEMBRONG.png,,MAKLUMAT,
6,YB DATO' SRI HAJI FADILLAH BIN YUSOF,GPS - PBB,,Menteri Kanan Kerja Raya,A-4,P194,PETRA JAYA,Sarawak,03-27714018,03-27713288,fadillah@kkr.gov.my,"Kementerian Kerja Raya, Tingkat 5, Blok A, Kompleks Kerja Raya, Jalan Sultan Salahuddin, 50580 KUALA LUMPUR.",https://www.parlimen.gov.my//images/webuser/ahli/2013/P.194-PERTAJAYA.png,,MAKLUMAT,
7,YB DATUK SERI IR. DR. WEE KA SIONG,BN - MCA,,Menteri Pengangkutan,B-2,P148,AYER HITAM,Johor,03-88921013,03-88880217,wee@mot.gov.my,"Kementerian Pengangkutan, Aras 10, No. 26, Jalan Tun Hussein, Presint 4, Pusat Pentadbiran Kerajaan Persekutuan, 62100 PUTRAJAYA.",https://www.parlimen.gov.my//images/webuser/ahli/2013/P.148-AYER HITAM.png,,MAKLUMAT,
8,YB DATUK SERI SARAVANAN A/L MURUGAN,BN - MIC,,Menteri Sumber Manusia,A-8,P072,TAPAH,Perak,03-88865001,03-88892390,saravanan@mohr.gov.my,"Kementerian Sumber Manusia, Aras 9, Blok D3, Kompleks D, Pusat Pentadbiran Kerajaan Persekutuan, 62502 PUTRAJAYA.",https://www.parlimen.gov.my//images/webuser/ahli/2013/P.072-TAPAH.png,,MAKLUMAT,
9,YB DATUK SERI PANGLIMA DR. JOHNITY @ MAXIMUS BIN ONGKILI,PBS,,Menteri di Jabatan Perdana Menteri (Hal Ehwal Sabah dan Sarawak),B-3,P168,KOTA MARUDU,Sabah,03-88727129,03-88887107,ongkili@jpm.gov.my,"Jabatan Perdana Menteri, Aras 3, Blok Timur, Bangunan Perdana Putra, Pusat Pentadbiran Kerajaan Persekutuan, 62502 PUTRAJAYA.",https://www.parlimen.gov.my//images/webuser/ahli/2013/P.168-KOTA MARUDU.png,,MAKLUMAT,
10,YB DATUK SERI DR. RONALD KIANDEE,BERSATU,,Menteri Pertanian dan Industri Makanan,A-10,P183,BELURAN,Sabah,03-88701001,03-88701035,rkiandee@mafi.gov.my,"Kementerian Pertanian dan Industri Makanan, Aras 17, Wisma Tani, No.28, Persiaran Perdana, Presint 4, Pusat Pentadbiran Kerajaan Persekutuan, 62624 PUTRAJAYA.",https://www.parlimen.gov.my//images/webuser/ahli/2013/P.183-BELURAN.png,,MAKLUMAT,
11,YB DATO' SRI TUAN IBHARIM BIN TUAN MAN,PAS,,Menteri Alam Sekitar Dan Air,B-6,P024,KUBANG KERIAN,Kelantan,03-80917006,,ibrahim@kasa.gov.my,"Kementerian Alam Sekitar dan Air, Aras 10, Blok F11, Kompleks F, Lebuh Perdana Timur, Pusat Pentadbiran Kerajaan Persekutuan, 62000 PUTRAJAYA.",https://www.parlimen.gov.my//images/webuser/ahli/2013/P.024-KUBANG KERIAN.png,,MAKLUMAT,
12,YB DATUK SERI HAMZAH BIN ZAINUDIN,BERSATU,,Menteri Dalam Negeri,A-7,P056,LARUT,Perak,03-88868007,03-88891613,dshamzah@moha.gov.my,"Kementerian Dalam Negeri, Aras 12, Blok D1, Kompleks D, Pusat Pentadbiran Kerajaan Persekutuan, 62546 PUTRAJAYA.",https://www.parlimen.gov.my//images/webuser/ahli/2013/P.056-LARUT.png,,MAKLUMAT,
13,YB TAN SRI NOH BIN HAJI OMAR,BN - UMNO,,Menteri Pembangunan Usahawan dan Koperasi,D-17,P095,TANJUNG KARANG,Selangor,03-88836002,03-88893775,nohomar@medac.gov.my,"Pejabat Menteri, Kementerian Pembangunan Usahawan dan Koperasi, Aras 6, Blok E4/E5, Kompleks Kerajaan Parcel E, Pusat Pentadbiran Kerajaan Persekutuan, 62668 PUTRAJAYA.",https://www.parlimen.gov.my//images/webuser/ahli/2013/P.095-TANJONG KARANG.png,,MAKLUMAT,
14,YB DATO SRI ALEXANDER NANTA LINGGI,GPS - PBB,,Menteri Perdagangan Dalam Negeri dan Hal Ehwal Pengguna,A-17,P215,KAPIT,Sarawak,03-88825506,03-88825520,alexlinggi@kpdnhep.gov.my,"Kementerian Perdagangan Dalam Negeri dan Hal Ehwal Pengguna, Aras 13, (Menara) No. 13, Persiaran Perdana, Presint 2, 62623 PUTRAJAYA.",https://www.parlimen.gov.my//images/webuser/ahli/2013/P.215-KAPIT.png,,MAKLUMAT,
15,YB DATUK SERI TAKIYUDDIN BIN HASSAN,PAS,,Menteri Tenaga dan Sumber Asli,A-6,P021,KOTA BHARU,Kelantan,03-88861636,03-88891057,takiyuddin@ketsa.gov.my,"Kementerian Tenaga dan Sumber Asli, Aras 17, Wisma Sumber Asli, No.25, Persiaran Perdana, Presint 4, Pusat Pentadbiran Kerajaan Persekutuan, 62574 PUTRAJAYA.",https://www.parlimen.gov.my//images/webuser/ahli/2013/P.021-KOTA BHARU.png,,MAKLUMAT,
16,YB DATUK SERI DR. NORAINI BINTI AHMAD,BN - UMNO,,Menteri Pengajian Tinggi,B-8,P147,PARIT SULONG,Johor,03-88705005,03-88706801,noraini.ahmad@mohe.gov.my,"Kementerian Pengajian Tinggi, Aras 18 No. 2, Menara 2, Jalan P5/6, Presint 5, Pusat Pentadbiran Kerajaan Persekutuan, 62200 PUTRAJAYA.",https://www.parlimen.gov.my//images/webuser/ahli/2013/P.147-PARIT SULONG.png,,MAKLUMAT,
17,YB DATUK SERI RINA BINTI MOHD HARUN,BERSATU,,"Menteri Pembangunan, Wanita, Keluarga dan Masyarakat",B-4,P119,TITIWANGSA,Kuala Lumpur,03-83231000,03-83232011,rina@kpwkm.gov.my,"Kementerian Pembangunan Wanita, Keluarga dan Masyarakat, Aras 38, No. 55, Persiaran Perdana Presint 4, Pusat Pentadbiran Kerajaan Persekutuan, 62100 PUTRAJAYA.",https://www.parlimen.gov.my//images/webuser/ahli/2013/Rina.jpg,,MAKLUMAT,
18,YB TAN SRI DATUK SERI PANGLIMA HAJI ANNUAR BIN HAJI MUSA,BN - UMNO,,Menteri Komunikasi dan Multimedia,A-13,P026,KETEREH,Kelantan,03-89115114,03-89115099,annuarmusa@kkmm.gov.my,"Kementerian Komunikasi dan Multimedia, Aras 37,Lot 4G9, Persiaran Perdana, Presint 4, Pusat Pentadbiran Kerajaan Persekutuan, 62100 PUTRAJAYA.",https://www.parlimen.gov.my//images/webuser/ahli/2013/P.026-KETEREH.png,,MAKLUMAT,
19,YB DATO' SRI REEZAL MERICAN BIN NAINA MERICAN,BN - UMNO,,Menteri Perumahan dan Kerajaan Tempatan,A-14,P041,KEPALA BATAS,Pulau Pinang,03-88915006,03-88915022,reezal.merican@kpkt.gov.my,"Kementerian Perumahan dan Kerajaan Tempatan, Aras 18, No.51, Persiaran Perdana, Presint 4, Pusat Pentadbiran Kerajaan Persekutuan, 62100 PUTRAJAYA.",https://www.parlimen.gov.my//images/webuser/ahli/2013/P.041-KEPALA BATAS.png,,MAKLUMAT,
20,YB TUAN KHAIRY JAMALUDDIN ABU BAKAR,BN - UMNO,,Menteri Kesihatan,B-10,P131,REMBAU,Negeri Sembilan,03-88832501,03-88886188,kj@moh.gov.my,"Kementerian Kesihatan, Aras 13, Blok E7, Kompleks E, Pusat Pentadbiran Kerajaan Persekutuan, 62590 PUTRAJAYA.",https://www.parlimen.gov.my//images/webuser/ahli/2013/P.131-REMBAU.png,,MAKLUMAT,
21,YB DATUK HALIMAH BINTI MOHAMED SADIQUE,BN - UMNO,,Menteri Perpaduan Negara,B-12,P156,KOTA TINGGI,Johor,03-80918001,03-80918239,halimahsadique@perpaduan.gov.my,"Kementerian Perpaduan Negara, Aras 10, Blok F9, Kompleks F, Lebuh Perdana Timur, Presint 1, Pusat Pentadbiran Kerajaan Persekutuan, 62000 PUTRAJAYA.",https://www.parlimen.gov.my//images/webuser/ahli/2013/P.156-KOTA TINGGI.png,,MAKLUMAT,
22,YB DATO' SRI DR. ADHAM BIN BABA,BN - UMNO,,"Menteri Sains, Teknologi dan Inovasi",B-9,P155,TENGGARA,Johor,03-88858008,03-88891818,ddradham@mosti.gov.my,"Kementerian Sains, Teknologi dan Inovasi, Pejabat Menteri, Blok C5, Aras 7, Kompleks C, Pusat Pentadbiran Kerajaan Persekutuan, 62662 PUTRAJAYA.",https://www.parlimen.gov.my//images/webuser/ahli/2013/P.155-TENGGARA.png,,MAKLUMAT,
23,YB DATO' SRI MUSTAPA BIN MOHAMED,BERSATU,,Menteri di Jabatan Perdana Menteri (Ekonomi),B-5,P030,JELI,Kelantan,03-88727281,03-88727356,mustapa@jpm.gov.my,"Jabatan Perdana Menteri, Aras 6, Setia Perdana 5, Kompleks Setia Perdana, Pusat Pentadbiran Kerajaan Persekutuan, 62502 PUTRAJAYA.",https://www.parlimen.gov.my//images/webuser/ahli/2013/P.030-JELI.png,,MAKLUMAT,
24,YB DATUK SERI SAIFUDDIN BIN ABDULLAH,BERSATU,,Menteri Luar Negeri,B-7,P082,INDERA MAHKOTA,Pahang,03-88874503,03-88892855,saifuddin@kln.gov.my,"Kementerian Luar Negeri, Aras 3, Wisma Putra, No. 1, Jalan Wisma Putra, Presint 2, Pusat Pentadbiran Kerajaan Persekutuan, 62602 PUTRAJAYA.",https://www.parlimen.gov.my//images/webuser/ahli/2013/P.082-INDERA MAHKOTA.png,,MAKLUMAT,
25,YB DATUK DR. HAJI ABDUL LATIFF BIN AHMAD,BERSATU,,Menteri di Jabatan Perdana Menteri (Tugas-Tugas Khas),A-12,P154,MERSING,Johor,03-88727003,03-88883100,latiff@jpm.gov.my,"Jabatan Perdana Menteri, Aras 13, Blok Menara, Menara Usahawan, No.18,Persiaran Perdana, Presint 2, Pusat Pentadbiran Kerajaan Persekutuan, 62100 PUTRAJAYA.",https://www.parlimen.gov.my//images/webuser/ahli/2013/P.154-MERSING.png,,MAKLUMAT,
26,YB DATO SRI DR. HAJI WAN JUNAIDI BIN TUANKU JAAFAR,GPS - PBB,,Menteri di Jabatan Perdana Menteri (Parlimen dan Undang-Undang),A-18,P193,SANTUBONG,Sarawak,03-88851924,03-88851947,twanjunaidi@jpm.gov.my,"Jabatan Perdana Menteri, Aras 9, Bangunan Hal Ehwal Undang-Undang, Presint 3, Pusat Pentadbiran Kerajaan Persekutuan, 62692 PUTRAJAYA.",https://www.parlimen.gov.my//images/webuser/ahli/2013/junaidi.jpg,,MAKLUMAT,
27,YB DATO' SRI HAJAH NANCY BINTI SHUKRI,GPS - PBB,,"Menteri Pelancongan, Seni dan Budaya",A-16,P200,BATANG SADONG,Sarawak,03-88917001,03-88917011,nancyshukri@motac.gov.my,"Kementerian Pelancongan, Seni dan Budaya, Aras 18, No. 2, Menara 1, Jalan P5/6, Presint 5, Pusat Pentadbiran Kerajaan Persekutuan, 62200 PUTRAJAYA.",https://www.parlimen.gov.my//images/webuser/ahli/2013/P.200-BATANG SADONG.png,,MAKLUMAT,
28,YB DATO' SERI MAHDZIR BIN KHALID,BN - UMNO,,Menteri Pembangunan Luar Bandar,D-11,P007,PADANG TERAP,Kedah,03-88912001,03-88882025,mahdzir@rurallink.gov.my,"Kementerian Pembangunan Luar Bandar, Aras 32, No. 47, Persiaran Perdana, Presint 4, Pusat Pentadbiran Kerajaan Persekutuan, 62100 PUTRAJAYA.",https://www.parlimen.gov.my//images/webuser/ahli/2013/P.007-Padang Terap.png,,MAKLUMAT,
29,YB DATO' SERI DR. SHAHIDAN BIN KASSIM,BN - UMNO,,Menteri Wilayah Persekutuan,D-9,P003,ARAU,Perlis,03-88897878,03-88891411 / 88880375,shahidan@kwp.gov.my,"Kementerian Wilayah Persekutuan, Aras 4, Blok B2, Menara Seri Wilayah, Presint 2, Pusat Pentadbiran Kerajaan Persekutuan, 62100 PUTRAJAYA.",https://www.parlimen.gov.my//images/webuser/ahli/2013/P.003-Arau.png,,MAKLUMAT,
30,YB DATO' SERI AHMAD FAIZAL BIN AZUMU,BERSATU,,Menteri Belia dan Sukan,D-7,P063,TAMBUN,Perak,03-88713003,03-88888703,faizal.azumu@kbs.gov.my,"Kementerian Belia dan Sukan, Aras 17, Menara KBS, No. 27, Persiaran Perdana, Presint 4, Pusat Pentadbiran Kerajaan Persekutuan, 62570 PUTRAJAYA.",https://www.parlimen.gov.my//images/webuser/ahli/2013/P.063-TAMBUN.png,,MAKLUMAT,
31,YB DATO' SRI ABDUL RAHMAN BIN MOHAMAD,BN - UMNO,,Timbalan Menteri Pembangunan Luar Bandar I,C-6,P079,LIPIS,Pahang,03-88912028,03-88882298,abdulrahman@rurallink.gov.my,"Kementerian Pembangunan Luar Bandar, Aras 32, No. 47, Persiaran Perdana, Presint 4, Pusat Pentadbiran Kerajaan Persekutuan, 62100 PUTRAJAYA.",https://www.parlimen.gov.my//images/webuser/ahli/2013/P.079-LIPIS.png,,MAKLUMAT,
32,YB DATO' SRI DR. HAJI ISMAIL BIN HJ ABD. MUTTALIB,BN - UMNO,,Timbalan Menteri Perumahan dan Kerajaan Tempatan,C-7,P086,MARAN,Pahang,03-88915027,03-88915559,ismail.abdulmuttalib@kpkt.gov.my,"Kementerian Perumahan dan Kerajaan Tempatan, Aras 17, No.51, Persiaran Perdana, Presint 4, Pusat Pentadbiran Kerajaan Persekutuan, 62100 PUTRAJAYA.",https://www.parlimen.gov.my//images/webuser/ahli/2013/P.086-MARAN.png,,MAKLUMAT,
33,YB DATO' SRI DR. HAJI ISMAIL BIN HAJI MOHAMED SAID,BN - UMNO,,Timbalan Menteri Dalam Negeri I,A-24,P087,KUALA KRAU,Pahang,03-88868625,03-88862075,ismailsaid@moha.gov.my,"Kementerian Dalam Negeri, Aras 11, Blok D1, Kompleks D, Pusat Pentadbiran Kerajaan Persekutuan, 62546 PUTRAJAYA.",https://www.parlimen.gov.my//images/webuser/ahli/2013/P.087-KUALA KRAU.png,,MAKLUMAT,
34,YB DATO' INDERA MOHD SHAHAR BIN ABDULLAH,BN - UMNO,,Timbalan Menteri Kewangan I,C-8,P084,PAYA BESAR,Pahang,03-88828968,03-88823918,ybs@mof.gov.my,"Pejabat Timbalan Menteri Kewangan I, Kementerian Kewangan, Aras 11, Blok Tengah, Presint 2, Pusat Pentadbiran Kerajaan Persekutuan, 62592 PUTRAJAYA.",https://www.parlimen.gov.my//images/webuser/ahli/2013/P.084-PAYA BESAR.png,,MAKLUMAT,
35,YB DATUK MASTURA BINTI TAN SRI DATO' MOHD YAZID,BN - UMNO,,Timbalan Menteri di Jabatan Perdana Menteri (Tugas-Tugas Khas),C-4,P067,KUALA KANGSAR,Perak,03-88727142,03-88894710,mastura.yazid@jpm.gov.my,"Jabatan Perdana Menteri, Aras 15, Blok Menara, Menara Usahawan, No.18, Persiaran Perdana, Presint 2, Pusat Pentadbiran Kerajaan Persekutuan, 62502 PUTRAJAYA.",https://www.parlimen.gov.my//images/webuser/ahli/2013/P.067-KUALA KANGSAR.png,,MAKLUMAT,
36,YB DATUK SERI HAJI AHMAD BIN HAMZAH,BN - UMNO,,Timbalan Menteri Pertanian dan Industri Makanan I,C-10,P139,JASIN,Melaka,03-88701012,03-88888960,ahmadhamzah@mafi.gov.my,"Pejabat Timbalan Menteri I, Kementerian Pertanian dan Industri Makanan, Aras 16, Menara 4G1, Wisma Tani, No. 28, Persiaran Perdana, Presint 4, 62624 PUTRAJAYA.",https://www.parlimen.gov.my//images/webuser/ahli/2013/P.139-JASIN.png,,MAKLUMAT,
37,YB DATUK ZAHIDI BIN ZAINUL ABIDIN,BN - UMNO,,Timbalan Menteri Komunikasi dan Multimedia,C-11,P001,PADANG BESAR,Perlis,03-89115223,03-89115208,zahidi@kkmm.gov.my,"Kementerian Komunikasi dan Multimedia, Lot 4G9, Persiaran Perdana, Presint 4, Pusat Pentadbiran Kerajaan Persekutuan, 62100 PUTRAJAYA.",https://www.parlimen.gov.my//images/webuser/ahli/2013/P.001-Padang Besar.png,,MAKLUMAT,
38,YB DATO' EDDIN SYAZLEE BIN SHITH,BERSATU,,Timbalan Menteri di Jabatan Perdana Menteri (Ekonomi),A-13,P129,KUALA PILAH,Negeri Sembilan,03-88727042,03-88810953,syazlee@jpm.gov.my,"Jabatan Perdana Menteri, Aras 3, Blok Barat, Bangunan Perdana Putra, Pusat Pentadbiran Kerajaan Persekutuan, 62502 PUTRAJAYA.",https://www.parlimen.gov.my//images/webuser/ahli/2013/P.129-KUALA PILAH.png,,MAKLUMAT,
39,YB DATO' HAJI KAMARUDIN BIN JAFFAR,BERSATU,,Timbalan Menteri Luar Negeri,B-14,P124,BANDAR TUN RAZAK,Kuala Lumpur,03-88874605,03-88892826,kamarudin@kln.gov.my,"Kementerian Luar Negeri, Aras 3, Wisma Putra, No. 1, Jalan Wisma Putra, Presint 2, Pusat Pentadbiran Kerajaan Persekutuan, 62602 PUTRAJAYA.",https://www.parlimen.gov.my//images/webuser/ahli/2013/P.124-BANDAR TUN RAZAK.png,,MAKLUMAT,
40,YB DATO' SRI IKMAL HISHAM BIN ABDUL AZIZ,BERSATU,,Timbalan Menteri Pertahanan,A-21,P027,TANAH MERAH,Kelantan,03-20715040,03-20714961,ikmalhisham@mod.gov.my,"Kementerian Pertahanan, Tingkat 5, Wisma Pertahanan, Jalan Padang Tembak, 50634 KUALA LUMPUR.",https://www.parlimen.gov.my//images/webuser/ahli/2013/P.027-TANAH MERAH.png,,MAKLUMAT,
41,YB DATUK MUSLIMIN BIN YAHAYA,BERSATU,,Timbalan Menteri Pembangunan Usahawan dan Koperasi,B-15,P093,SUNGAI BESAR,Selangor,03-88836001,03-88893130,muslimin.yahaya@medac.gov.my,"Kementerian Pembangunan Usahawan dan Koperasi, Aras 13, Menara Usahawan, Presint 2, Pusat Pentadbiran Kerajaan Persekutuan, 62652 PUTRAJAYA.",https://www.parlimen.gov.my//images/webuser/ahli/2013/P.093-SUNGAI BESAR.png,,MAKLUMAT,
42,YB DATO' DR HAJI NOOR AZMI BIN GHAZALI,BERSATU,,Timbalan Menteri Kesihatan I,A-22,P058,BAGAN SERAI,Perak,03-88832503,03-88884758,pej.tmk1@moh.gov.my,"Kementerian Kesihatan, Aras 13, Blok E7, Kompleks E, Pusat Pentadbiran Kerajaan Persekutuan, 62100 PUTRAJAYA.",https://www.parlimen.gov.my//images/webuser/ahli/2013/P.058-BAGAN SERAI.png,,MAKLUMAT,
43,YB DATUK WIRA HAJAH MAS ERMIEYATI BINTI SAMSUDIN,BERSATU,,Timbalan Menteri di Jabatan Perdana Menteri (Parlimen dan Undang-Undang),B-16,P134,MASJID TANAH,Melaka,03-88851923,03-88851207,masermieyati@jpm.gov.my,"Pejabat Timbalan Menteri di Jabatan Perdana Menteri( Parlimen dan Undang-Undang), Aras 9, Bangunan Hal Ehwal Undang-Undang, Presint 3, Pusat Pentadbiran Kerajaan Persekutuan, 62629 PUTRAJAYA.",https://www.parlimen.gov.my//images/webuser/ahli/2013/P.134-MASJID TANAH.png,,MAKLUMAT,
44,YB DATO' ROSOL BIN WAHID,BERSATU,,Timbalan Menteri Perdagangan Dalam Negeri dan Hal Ehwal Pengguna,C-3,P038,HULU TERENGGANU,Terengganu,03-8882 5530,03-88825539,d.rosolwahid@kpdnhep.gov.my,"Kementerian Perdagangan Dalam Negeri dan Hal Ehwal Pengguna, Aras 12(Menara), Blok Menara, No. 13, Persiaran Perdana, Presint 2, Pusat Pentadbiran Kerajaan Persekutuan, 62623 PUTRAJAYA.",https://www.parlimen.gov.my//images/webuser/ahli/2013/P.038-HULU TERENGGANU.png,,MAKLUMAT,
45,YB DATUK JONATHAN BIN YASIN,BERSATU,,Timbalan Menteri Dalam Negeri II,A-25,P179,RANAU,Sabah,03-88868331,03-88811759,jonathan@moha.gov.my,"Kementerian Dalam Negeri, Aras 12, Blok D1, Kompleks D, Pusat Pentadbiran Kerajaan Persekutuan, 62546 PUTRAJAYA.",https://www.parlimen.gov.my//images/webuser/ahli/2013/P.179-RANAU.png,,MAKLUMAT,
46,YB DATUK SERI DR. SANTHARA KUMAR A/L RAMANAIDU,BERSATU,,"Timbalan Menteri Pelancongan, Seni dan Budaya",B-17,P140,SEGAMAT,Johor,03-88917002,03-88917012,santhara@motac.gov.my,"Kementerian Pelancongan, Seni dan Budaya, Aras 17, No. 2, Menara 1, Jalan P5/6, Presint 5, Pusat Pentadbiran Kerajaan Persekutuan, 62200, W.P. Putrajaya.",https://www.parlimen.gov.my//images/webuser/ahli/2013/P.140-SEGAMAT.png,,MAKLUMAT,
47,YB DATO' MANSOR BIN OTHMAN,BERSATU,,Timbalan Menteri Alam Sekitar dan Air,B-18,P047,NIBONG TEBAL,Pulau Pinang,03-80917002,,mansor.othman@kasa.gov.my,"Kementerian Alam Sekitar dan Air, Aras 10, Blok F11,Kompleks F, Lebuh Perdana Timur, Presint 1, Pusat Pentadbiran Kerajaan Persekutuan, 62000 PUTRAJAYA.",https://www.parlimen.gov.my//images/webuser/ahli/2013/P.047-NIBONG TEBAL.png,,MAKLUMAT,
48,YB DATUK ALI ANAK BIJU,BERSATU,,Timbalan Menteri Tenaga dan Sumber Asli,B-19,P205,SARATOK,Sarawak,03-88861618,03-88881618,ali@ketsa.gov.my,"Kementerian Tenaga dan Sumber Asli, Wisma Sumber Asli, No. 25, Persiaran Perdana, Presint 4, Pusat Pentadbiran Kerajaan Persekutuan, 62574 PUTRAJAYA.",https://www.parlimen.gov.my//images/webuser/ahli/2013/P.205-SARATOK.png,,MAKLUMAT,
49,YB DATUK WILLIE ANAK MONGIN,GPS - PBB,,Timbalan Menteri Perusahaan Perladangan dan Komoditi I,C-1,P198,PUNCAK BORNEO,Sarawak,03-88803337,03-88808248,willie@mpic.gov.my,"Kementerian Perusahaan Perladangan dan Komoditi, Aras 12, No.15, Persiaran Perdana, Presint 2, Pusat Pentadbiran Kerajaan Persekutuan, 62654 PUTRAJAYA.",https://www.parlimen.gov.my//images/webuser/ahli/2013/P.198-PUNCAK BORNEO.png,,MAKLUMAT,
50,YB DATO' HENRY SUM AGONG,GPS - PBB,,Timbalan Menteri Pengangkutan,C-12,P222,LAWAS,Sarawak,03-88921102,03-88880151,henry@mot.gov.my,"Kementerian Pengangkutan, Aras 10, No. 26, Jalan Tun Hussein, Presint 4, Pusat Pentadbiran Kerajaan Persekutuan, 62100 PUTRAJAYA.",https://www.parlimen.gov.my//images/webuser/ahli/2013/P.222-LAWAS.png,,MAKLUMAT,
51,YB DATUK AGO ANAK DAGANG,GPS - PRS,,Timbalan Menteri Kesihatan II,C-13,P210,KANOWIT,Sarawak,03-88833945,03-88901200,pej.tmk2@moh.gov.my,"Kementerian Kesihatan, Aras 13, Blok E7, Kompleks E, Pusat Pentadbiran Kerajaan Persekutuan, 62100 PUTRAJAYA.",https://www.parlimen.gov.my//images/webuser/ahli/2013/P.210-KANOWIT.png,,MAKLUMAT,
52,YB DATUK HAJI HASBI BIN HABIBOLLAH,GPS - PBB,,Timbalan Menteri Pembangunan Luar Bandar II,C-14,P221,LIMBANG,Sarawak,03-88912027,03-88882076,hasbi@rurallink.gov.my,"Kementerian Pembangunan Luar Bandar, Aras 3, No. 47, Persiaran Perdana, Presint 4, Pusat Pentadbiran Kerajaan Persekutuan, 62100, PUTRAJAYA.",https://www.parlimen.gov.my//images/webuser/ahli/2013/P.221-LIMBANG.png,,MAKLUMAT,
53,YB DATO HAJJAH HANIFAH HAJAR TAIB,GPS - PBB,,Timbalan Menteri di Jabatan Perdana Menteri (Hal Ehwal Sabah dan Sarawak),C-9,P213,MUKAH,Sarawak,03-88727204,03-88811635,hanifah.taib@jpm.gov.my,"Jabatan Perdana Menteri, Aras 3, Blok Barat, Bangunan Perdana Putra, Pusat Pentadbiran Kerajaan Persekutuan, 62502 PUTRAJAYA.",https://www.parlimen.gov.my//images/webuser/ahli/2013/P.213-MUKAH.png,,MAKLUMAT,
54,YB DATUK ARTHUR JOSEPH KURUP,BN - PBRS,,Timbalan Menteri Kerja Raya,C-14,P182,PENSIANGAN,Sabah,03-27715372,03-27113312,arthurjkurup@kkr.gov.my,"Kementerian Kerja Raya, Tingkat 5, Blok A, Kompleks Kerja Raya, Jalan Sultan Salahuddin, 50580 KUALA LUMPUR.",https://www.parlimen.gov.my//images/webuser/ahli//P.182-PENSIANGAN.png,,MAKLUMAT,
55,YB DATO' HAJAH SITI ZAILAH BINTI MOHD YUSOFF,PAS,,"Timbalan Menteri Pembangunan Wanita, Keluarga dan Masyarakat",C-17,P023,RANTAU PANJANG,Kelantan,03-83231002,03-83232002,zailah@kpwkm.gov.my,"Kementerian Pembangunan Wanita, Keluarga dan Masyarakat, Aras 32, No. 47, Persiaran Perdana,Presint 4, Pusat Pentadbiran Kerajaan Persekutuan, 62100 PUTRAJAYA.",https://www.parlimen.gov.my//images/webuser/ahli/2013/P.023-RANTAU PANJANG.png,,MAKLUMAT,
56,YB DATUK HAJI AHMAD MARZUK BIN SHAARY,PAS,,Timbalan Menteri di Jabatan Perdana Menteri (Hal Ehwal Agama),C-18,P020,PENGKALAN CHEPA,Kelantan,03-88707040,03-88707042,ahmadmarzuk@jpm.gov.my,"Jabatan Perdana Menteri, Aras 9, Blok A, Kompleks Islam Putrajaya, No.23, Jalan Tunku Abdul Rahman, Presint 3, Pusat Pentadbiran Kerajaan Persekutuan, 62100 PUTRAJAYA.",https://www.parlimen.gov.my//images/webuser/ahli/2013/P.020-PENGKALAN CHEPA.png,,MAKLUMAT,
57,YB DATUK HAJI AWANG BIN HASHIM,PAS,,Timbalan Menteri Sumber Manusia,C-20,P011,PENDANG,Kedah,03-88865009,03-88892394,awang@mohr.gov.my,"Kementerian Sumber Manusia, Aras 9, Blok D3, Kompleks D, Pusat Pentadbiran Kerajaan Persekutuan, 62502 PUTRAJAYA.",https://www.parlimen.gov.my//images/webuser/ahli/2013/P.011-Pendang.png,,MAKLUMAT,
58,YB DATUK HAJI AHMAD AMZAD BIN MOHAMED @ HASHIM,PAS,,"Timbalan Menteri Sains, Teknologi dan Inovasi",C-21,P036,KUALA TERENGGANU,Terengganu,03-88858001,03-88855427,amzad@mosti.gov.my,"Kementerian Sains, Teknologi dan Inovasi, Aras 7, Blok C5, Kompleks C, Pusat Pentadbiran Kerajaan Persekutuan, 62662 PUTRAJAYA.",https://www.parlimen.gov.my//images/webuser/ahli/2013/P.036-KUALA TERENGGANU.png,,MAKLUMAT,
59,YB DATO' SRI DR. WEE JECK SENG,BN - MCA,,Timbalan Menteri Perusahaan Perladangan dan Komoditi II,C-22,P165,TANJUNG PIAI,Johor,03-88803337,03-88803318,weejeckseng@mpic.gov.my,"Kementerian Perusahaan Perladangan dan Komoditi, No. 15, Level 6-13, Persiaran Perdana, Presint 2, Pusat Pentadbiran Kerajaan Persekutuan, 62654 PUTRAJAYA.",https://www.parlimen.gov.my//images/webuser/ahli/2019/p165.png,,MAKLUMAT,
60,YB DATUK SERI JALALUDDIN BIN ALIAS,BN - UMNO,,Timbalan Menteri Wilayah Persekutuan,C-55,P126,JELEBU,Negeri Sembilan,03-88897999,03-88894414,jalaluddin@kwp.gov.my,"Kementerian Wilayah Persekutuan, Aras 4, Blok B2, Menara Seri Wilayah, Presint 2, Pusat Pentadbiran Kerajaan Persekutuan, 62100 PUTRAJAYA.",https://www.parlimen.gov.my//images/webuser/ahli/2013/P.126-JELEBU.png,,MAKLUMAT,
61,YB DATUK YAMANI HAFEZ BIN MUSA,BERSATU,,Timbalan Menteri Kewangan II,C-60,P178,SIPITANG,Sabah,03-88823322,03-88824545,hafez.musa@mof.gov.my,"Pejabat Timbalan Menteri Kewangan II, Kementerian Kewangan Malaysia, Aras 12, Blok Tengah, Presint 2, Pusat Pentadbiran Kerajaan Persekutuan, 62592 PUTRAJAYA.",https://www.parlimen.gov.my//images/webuser/ahli/2013/P.178-SIPITANG.png,,MAKLUMAT,
62,YB DATUK DR. NIK MUHAMMAD ZAWAWI BIN HAJI SALLEH,PAS,,Timbalan Menteri Pertanian dan Industri Makanan II,D-13,P028,PASIR PUTEH,Kelantan,03-88701007,03-88888960,nikzawawi@mafi.gov.my,"Kementerian Pertanian dan Industri Makanan, Aras 17, Wisma Tani, No. 28, Persiaran Perdana, Preisnt 4, Pusat Pentadbiran Kerajaan Persekutuan, 62592 PUTRAJAYA.",https://www.parlimen.gov.my//images/webuser/ahli/2013/P.028-PASIR PUTEH.png,,MAKLUMAT,
63,YB DATUK MOHAMAD BIN ALAMIN,BN - UMNO,,Timbalan Menteri Pendidikan II,C-31,P176,KIMANIS,Sabah,03-88846035,03-88884164,mohamad@moe.gov.my,"Pejabat Timbalan Menteri Pendidikan II, Kementerian Pendidikan Malaysia, Aras 9, Blok E8, Kompleks E, Pusat Pentadbiran Kerajaan Persekutuan,62604 PUTRAJAYA.",https://www.parlimen.gov.my//images/webuser/ahli/2013/kimanis.png,,MAKLUMAT,
64,YB DATO' SRI MOHD NAJIB BIN TUN ABD RAZAK,BN - UMNO,,,D-3,P085,PEKAN,Pahang,,,mukhlis313@gmail.com,NO.11 JALAN LANGGAK DUTA TAMAN DUTA 50480 KUALA LUMPUR.,https://www.parlimen.gov.my//images/webuser/ahli/2013/P.085-PEKAN.png,,MAKLUMAT,
65,YB DATO' SERI DR. AHMAD ZAHID BIN HAMIDI,BN - UMNO,,,D-5,P075,BAGAN DATUK,Perak,03-26017312,03-26932529,pejabatpresiden@gmail.com,"No.389,Country Heights,43000 Kajang, Selangor Darul Ehsan.",https://www.parlimen.gov.my//images/webuser/ahli/2013/P.075-BAGAN DATUK.png,,MAKLUMAT,
66,YB TENGKU RAZALEIGH HAMZAH,BN - UMNO,,,D-6,P032,GUA MUSANG,Kelantan,03-21485655,03-21423559,redzuanba@gmail.com,"No 31, Jalan Langgak Golf, 55000 Kuala Lumpur.",https://www.parlimen.gov.my//images/webuser/ahli/2013/P.032-GUA MUSANG.png,,MAKLUMAT,
67,YB TAN SRI HAJI IDRIS BIN JUSOH,BN - UMNO,,,D-18,P033,BESUT,Terengganu,,,jusoh.idris@gmail.com,"No. 36 Jalan P11A 6/1, Presint 11, 62300 Putrajaya",https://www.parlimen.gov.my//images/webuser/ahli/2013/P.033-BESUT.png,,MAKLUMAT,
68,YB DATO' SRI HAJI TAJUDDIN BIN ABDUL RAHMAN,BN - UMNO,,,D-20,P073,PASIR SALAK,Perak,03-79570800,03-79562539,dtajar@gmail.com,"Unit 807, Phileo Damansara 1, Block F, Petaling Jaya, 46340 Selangor Darul Ehsan.",https://www.parlimen.gov.my//images/webuser/ahli/2013/P.073-PASIR SALAK.png,,MAKLUMAT,
69,YB DATUK AHMAD JAZLAN BIN YAAKUB,BN - UMNO,,,C-58,P029,MACHANG,Kelantan,09-9751826,09-9751827,jazlanyaakub64@gmail.com,"Pusat Khidmat Masyarakat Parlimen Machang, B62 & B63, Jalan Pejabat,18500 Machang, Kelantan Darul Naim.",https://www.parlimen.gov.my//images/webuser/ahli/2013/P.029-MACHANG.png,,MAKLUMAT,
70,YB DATO' SRI AZALINA BINTI OTHMAN SAID,BN - UMNO,,,A-27,P157,PENGERANG,Johor,03-26036844,,ybaos63@gmail.com,"10, Jalan Laksamana 12/1, Seksyen 12, 40100 Shah Alam, Selangor Darul Ehsan.",https://www.parlimen.gov.my//images/webuser/ahli/2013/P.157-PENGERANG.png,,MAKLUMAT,
71,YB DATUK SERI TENGKU ADNAN BIN TENGKU MANSOR,BN - UMNO,,,D-10,P125,PUTRAJAYA,Putrajaya,,,kunan2010@gmail.com,"No. 5, Lorong Duta 5, Taman Duta, 50480 Kuala Lumpur",https://www.parlimen.gov.my//images/webuser/ahli/2013/P.125-PUTRAJAYA.png,,MAKLUMAT,
72,YB DATUK SERI HAJI AHMAD BIN HAJI MASLAN,BN - UMNO,,,D-12,P164,PONTIAN,Johor,07-6905022,07-6905033,ahmadmaslan164pontian@gmail.com,"Pusat Khidmat Ahli Parlimen Pontian, Lot 66, Jalan Parit Ibrahim, Mukim Sungai Pinggan, 82200 Benut, Pontian, Johor.",https://www.parlimen.gov.my//images/webuser/ahli/2013/P.164-PONTIAN.png,,MAKLUMAT,
73,YB DATUK SERI PANGLIMA BUNG MOKTAR BIN RADIN,BN - UMNO,,,D-27,P187,KINABATANGAN,Sabah,089-619817,,harun.ariffin@yahoo.com,"Kampung Libis, PS Bil 1163, 90713, Sandakan, Sabah.",https://www.parlimen.gov.my//images/webuser/ahli/2013/P.187-KINABATANGAN.png,,MAKLUMAT,
74,YB DATUK SERI DR. SHAMSUL ANUAR BIN HAJI NASARAH,BN - UMNO,,,A-15,P055,LENGGONG,Perak,05-7679055,05-7678055,dsan393393@yahoo.com,"Pusat Khidmat Parlimen Lenggong, No.191, Tingkat 1, Bangunan Baru UMNO Lenggong, Jalan Alang Iskandar, 33400 Lenggong, Perak.",https://www.parlimen.gov.my//images/webuser/ahli/2013/P.055-LENGGONG.png,,MAKLUMAT,
75,YB DATO' SRI HASAN BIN ARIFIN,BN - UMNO,,,C-48,P091,ROMPIN,Pahang,09-4521177,09-4524277,umnorompin@yahoo.com,"MM35, Medan Mewah, 26700 Muadzam Shah, Pahang Darul Makmur.",https://www.parlimen.gov.my//images/webuser/ahli/2013/P.091-ROMPIN.png,,MAKLUMAT,
76,YB DATUK SERI PANGLIMA ABDUL AZEEZ BIN ABDUL RAHIM,BN - UMNO,,,D-21,P016,BALING,Kedah,03-22781218,03-22721219,datoazeez@yahoo.com,"No. 66A, Jalan Kanpung Attap, 50460 Kuala Lumpur.",https://www.parlimen.gov.my//images/webuser/ahli/2013/P.016-Baling.png,,MAKLUMAT,
77,YB DATO' SERI MOHAMED NAZRI BIN ABDUL AZIZ,BN - UMNO,,,C-39,P061,PADANG RENGAS,Perak,05-7777799,05-7776061,sueamir@yahoo.com,"Pusat Khidmat Ahli Parlimen Padang Rengas, No. 5-6, Jalan Industri Miel 1, Taman Perindustrian IKS, Lubuk Merbau, Kuala Kangsar, 33010, Perak Darul Ridzwan.",https://www.parlimen.gov.my//images/webuser/ahli/2013/P.061-PADANG RENGAS.png,,MAKLUMAT,
78,YB DATO' HJ. AHMAD NAZLAN BIN IDRIS,BN - UMNO,,,C-57,P081,JERANTUT,Pahang,09-2661936,09-2663160,parlimenjerantut@yahoo.com,"Pusat Khidmat Masyarakat Ahli Parlimen P081, No. S1, Tingkat Atas, Taman Koperasi, 27000 Jerantut, Pahang Darul Makmur",https://www.parlimen.gov.my//images/webuser/ahli/2013/P.081-JERANTUT.png,,MAKLUMAT,
79,YB DATO' MOHD NIZAR BIN HAJI ZAKARIA,BN - UMNO,,,C-35,P069,PARIT,Perak,05-3775488/05-3775588,05-3773117,nizar_069@yahoo.com,"Pusat Khidmat Masyarakat Parlimen Parit, Bangunan UMNO Bahagian Parit, Tingkat 1, Jalan Kelab, 32800 Parit, Perak Darul Ridzwan.",https://www.parlimen.gov.my//images/webuser/ahli/2013/P.069-PARIT.png,,MAKLUMAT,
80,YB DATUK SERI HAJI MOHD SALIM SHARIF,BN - UMNO,,,C-53,P127,JEMPOL,Negeri Sembilan,06-4543010,06-4545010,m.salimJP@yahoo.com,"No. 22, Tingkat 3, Wisma UNMO, Jalan Mewah, 72100 Bahau, Negeri Sembilan Darul Khusus.",https://www.parlimen.gov.my//images/webuser/ahli/2013/P.127-JEMPOL.png,,MAKLUMAT,
81,YB DATO' RAMLI BIN DATO' MOHD NOR,BN - UMNO,,,C-44,P078,CAMERON HIGHLANDS,Pahang,,,norramlimohd@gmail.com,"Pusat Khidmat Ahli Parlimen Cameron Highlands,No.2,Tingkat 3 & 4, Bangunan UMNO, Marigold Square,39000 Tanah Rata, Cameron Highlands, Pahang Darul Makmur.",https://www.parlimen.gov.my//images/webuser/ahli/2019/YB Cameron Highland.png,,MAKLUMAT,
82,YB TAN SRI HAJI ABDUL HADI BIN HAJI AWANG,PAS,,,D-2,P037,MARANG,Terengganu,09-6203313 / 09-6171370,09-6203311,presiden@pas.org.my,"No 33, Taman Sri Intan, Jalan Sultan Omar, 20300 Kuala Terengganu, Terengganu",https://www.parlimen.gov.my//images/webuser/ahli/2013/P.037-MARANG.png,,MAKLUMAT,
83,YB TUAN NIK MOHAMAD ABDUH BIN NIK ABDUL AZIZ,PAS,,,D-14,P025,BACHOK,Kelantan,,,nikabduh@yahoo.com,"Pulau Melaka, 16150 Kota Bharu, Kelantan Darul Naim.",https://www.parlimen.gov.my//images/webuser/ahli/2013/P.025-BACHOK.png,,MAKLUMAT,
84,YB TUAN HAJI WAN HASSAN BIN MOHD RAMLI,PAS,,,D-22,P039,DUNGUN,Terengganu,09-8485001,09-8485001,pasdgn039@gmail.com,"No. 612, Lorong 5 Kiri, Jalan Nibong Stesen, 23000 Dungun, Terengganu Darul Iman.",https://www.parlimen.gov.my//images/webuser/ahli/2013/P.039-DUNGUN.png,,MAKLUMAT,
85,YB TUAN AHMAD FADHLI BIN SHAARI,PAS,,,D-15,P022,PASIR MAS,Kelantan,,,ahmadfadhlishaari80@gmail.com,"Lot 646, Jalan Masjid Mukim Paloh, Kampung Paloh, Tendong, 17030 Pasir Mas, Kelantan Darul Naim.",https://www.parlimen.gov.my//images/webuser/ahli/2013/P.022-PASIR MAS.png,,MAKLUMAT,
86,YB TUAN ABDUL LATIFF BIN ABDUL RAHMAN,PAS,,,D-23,P031,KUALA KRAI,Kelantan,09-9669696,,mpkualakrai@gmail.com,"Lot 13, Pondok Sungai Durian, 18000 Kuala Krai, Kelantan Darul Naim.",https://www.parlimen.gov.my//images/webuser/ahli/2013/P.031-KUALA KRAI.png,,MAKLUMAT,
87,YB TUAN SABRI BIN AZIT,PAS,,,C-40,P012,JERAI,Kedah,04-7416959,04-7414939,ustazsabriazit@gmail.com,"814B, Jalan Masjid Kg Sungai Lentang, Mukim Dulang, 06900 Yan, Kedah",https://www.parlimen.gov.my//images/webuser/ahli/2013/P.012-Jerai.png,,MAKLUMAT,
88,YB TUAN AHMAD TARMIZI BIN SULAIMAN,PAS,,,C-42,P013,SIK,Kedah,017-5196665,04-4216510,pkmparlimensik@gmail.com,"No. 11A, Jalan Sungai Pau, Kampung Sungai Pau, 08200 Sik, Kedah Darul Aman.",https://www.parlimen.gov.my//images/webuser/ahli/2013/P.013-Sik.png,,MAKLUMAT,
89,YB TUAN SHAHARIZUKIRNAIN BIN ABD KADIR,PAS,,,C-29,P034,SETIU,Terengganu,,,umminabihah69@gmail.com,"Lot 21335, Kg Alor Jambu, 21020 Batu Rakit, Kuala Nerus, Terengganu",https://www.parlimen.gov.my//images/webuser/ahli/2013/P.034-SETIU.png,,MAKLUMAT,
90,YB TUAN CHE ALIAS BIN HAMID,PAS,,,C-27,P040,KEMAMAN,Terengganu,09-8596833,,aliasabdhamid66@gmail.com,"No. 115 Kampung Semayor, Kemasek, 24210 Kemaman, Terengganu",https://www.parlimen.gov.my//images/webuser/ahli/2013/P.040-KEMAMAN.png,,MAKLUMAT,
91,YB DATO' HAJI CHE ABDULLAH BIN MAT NAWI,PAS,,,C-19,P019,TUMPAT,Kelantan,012-9016210,09-7195120,abekerdut@yahoo.com,"ABE RESIDENCE,1419 Taman Mimi, 16250 Wakaf Bharu, Kelantan Darul Naim.",https://www.parlimen.gov.my//images/webuser/ahli/2013/P.019-TUMPAT.png,,MAKLUMAT,
92,YB TAN SRI DATO' HAJI MAHIADDIN BIN HAJI MD YASIN,BERSATU,,,A-1,P143,PAGOH,Johor,,,muhyiddin.tsmy@gmail.com,"No.5, Jalan Setiabakti 7, Bukit Damansara, 50490 Kuala Lumpur.",https://www.parlimen.gov.my//images/webuser/ahli/2013/P.143-PAGOH.png,,MAKLUMAT,
93,YB DATUK SERI PANGLIMA HAJAH AZIZAH BINTI DATUK SERI PANGLIMA HAJI MOHD DUN,BERSATU,,,D-33,P177,BEAUFORT,Sabah,087-211761,,parlimen177beaufort@gmail.com,"Pejabat Ahli Parlimen Beaufort, Kompleks Kasih Datin Seri Hajah Asbeh, Jalan Limbawang, P.O.Box 849, 89800 Beaufort, Sabah.",https://www.parlimen.gov.my//images/webuser/ahli/2013/P197 GAMBAR.jpg,,MAKLUMAT,
94,YB DATO' HAJI MOHD FASIAH BIN MOHD FAKEH,BERSATU,,,C-50,P092,SABAK BERNAM,Selangor,03-32162324,03-32165937,fasiah56@yahoo.com.my,"Lot 1785, Taman Raya, 45300 Sungai Besar, Selangor Darul Ehsan",https://www.parlimen.gov.my//images/webuser/ahli/2013/P.092-SABAK BERNAM.png,,MAKLUMAT,
95,YB DATUK SERI MOHD REDZUAN BIN MD. YUSOF,BERSATU,,,A-9,P135,ALOR GAJAH,Melaka,,,redzuanyusof@gmail.com,"No.2, Jalan TH 2/10, Parkfield Residence, Tropicana Heights, 43000 Kajang, Selangor Darul Ehsan.",https://www.parlimen.gov.my//images/webuser/ahli/2013/P.135-ALOR GAJAH.png,,MAKLUMAT,
96,YB DATUK ZAKARIA BIN MOHD. EDRIS,BERSATU,,,D-32,P184,LIBARAN,Sabah,,089-215290,zakaria@gmail.com,"Lorong Merbau, Lot 16, Taman Rimba Batu 7,Jln. Labuk, Sandakan, Sabah.",https://www.parlimen.gov.my//images/webuser/ahli/2013/P.184-LIBARAN.png,,MAKLUMAT,
97,YB DATO' SYED ABU HUSSIN BIN HAFIZ SYED ABDUL FASAL,BERSATU,,,C-52,P059,BUKIT GANTANG,Perak,05-8470167,05-8478742,pusatkhidmatp059@gmail.com,"Pusat Khidmat P059 Ahli Parlimen Bukit Gantang, Lot 8526, Light Industrial Area Jalan Simpang, 34000 Taiping, Perak Darul Ridzwan.",https://www.parlimen.gov.my//images/webuser/ahli/2013/P.059-BUKIT GANTANG.png,,MAKLUMAT,
98,YB DATUK ABD RAHIM BIN BAKRI,BERSATU,,,A-23,P167,KUDAT,Sabah,088-724772,088-721142,martizek_73@yahoo.com,"Lot 8 Crystal Villa, Lorong Kohizan, Off Jalan Kepayan Kobusak, 88300 Kota Kinabalu, Sabah.",https://www.parlimen.gov.my//images/webuser/ahli/2013/P.167-KUDAT.png,,MAKLUMAT,
99,YB DATUK HAJI SHABUDIN BIN YAHAYA,BERSATU,,,C-5,P042,TASEK GELUGOR,Pulau Pinang,04-5711252,04-5701997,shabudinyahaya65@gmail.com,"No.2, Lorong Bendahara 12, Bertam Perdana 2, 13200 Kepala Batas, Pulau Pinang.",https://www.parlimen.gov.my//images/webuser/ahli/2013/P.042-TASEK GELUGOR.png,,MAKLUMAT,
100,YB DATO' SERI TIONG KING SING,GPS - PDP,,,D-26,P217,BINTULU,Sarawak,086-312979,086-313979,tks799@hotmail.com,"Lot 3290,SH/LOT 3A, PARK CITY COMMERCIAL SQUARE PH1,97000 BINTULU SARAWAK.",https://www.parlimen.gov.my//images/webuser/ahli/2013/P.217-BINTULU.png,,MAKLUMAT,
101,YB DATO' SRI (DR) RICHARD RIOT ANAK JAEM,GPS - SUPP,,,D-8,P199,SERIAN,Sarawak,082-873199,082-875199,dtkriot.p199@gmail.com,"No.25, Kampung Pichin,94700, Serian, Sarawak.",https://www.parlimen.gov.my//images/webuser/ahli/2013/P.199-SERIAN.png,,MAKLUMAT,
102,YB TUAN ANYI NGAU,GPS - PDP,,,D-31,P220,BARAM,Sarawak,085-650109,085-650109,anyingau1000@yahoo.com,"Lot 7204,Ground Floor,Phase 2 Pusat Bandar Permyjaya,98000, Miri,Sarawak.",https://www.parlimen.gov.my//images/webuser/ahli/2013/P.220-BARAM.png,,MAKLUMAT,
103,YB DATUK WILSON UGAK ANAK KUMBONG,GPS - PRS,,,C-37,P216,HULU RAJANG,Sarawak,082-415900,082-416900,wilsonugakkumbong@yahoo.com,"Lot 2791, S/L 5, Block 10, Ist Floor, Jalan Tun Ahmad Zaidi Adruce,93250 Kuching, Sarawak.",https://www.parlimen.gov.my//images/webuser/ahli/2013/P.216-HULU RAJANG.png,,MAKLUMAT,
104,YB DATO SRI HAJAH ROHANI BINTI ABDUL KARIM,GPS - PBB,,,D-16,P201,BATANG LUPAR,Sarawak,082-258108,082-258107,rohaniak3155@gmail.com,"78, Taman Sejoli, Lorong Duranta 2, Jln. Mergasing, Petrajaya,93050 Kuching, Sarawak.",https://www.parlimen.gov.my//images/webuser/ahli/2013/P.201-BATANG LUPAR.png,,MAKLUMAT,
105,YB DATUK HAJAH RUBIAH BINTI HAJI WANG,GPS - PBB,,,D-25,P197,KOTA SAMARAHAN,Sarawak,082-661368,082-661801,parlimenp197@gmail.com,"No.89, Lorong 22J, Taman Desa Ilmu,94300 Kota Samarahan, Sarawak.",https://www.parlimen.gov.my//images/webuser/ahli/2013/P.197-KOTA SAMARAHAN.png,,MAKLUMAT,
106,YB DATUK ROBERT LAWSON CHUAT,GPS - PBB,,,D-34,P204,BETONG,Sarawak,082-245912,082-259912,rlchuat@gmail.com,"388,Lot 2002, Lorong 1, Jalan Wan Alwi, 93350 Kuching, Sarawak.",https://www.parlimen.gov.my//images/webuser/ahli/2013/P.204-BETONG.png,,MAKLUMAT,
107,YB TUAN HAJI AHMAD JOHNIE BIN HAJI ZAWAWI,GPS - PBB,,,D-29,P207,IGAN,Sarawak,082-421099,082-421399,ajzigan@yahoo.com,"Alunan Jujur Sdn. Bhd. 2nd Floor, Lot 379, Lorong 6, KTLD, Jalan Nanas, 93400 Kuching, Sarawak.",https://www.parlimen.gov.my//images/webuser/ahli/2013/P.207-IGAN.png,,MAKLUMAT,
108,YB TUAN HAJI YUSUF BIN ABD WAHAB,GPS - PBB,,,D-24,P206,TANJONG MANIS,Sarawak,082-574600,082-573217,yusuf.abdwahab@gmail.com,"Lot 303,1st Floor, Seksyen 9, Lorong 7, Jalan Rubber, 93400 Kuching,SARAWAK.",https://www.parlimen.gov.my//images/webuser/ahli/2013/P.206-TANJONG MANIS.png,,MAKLUMAT,
109,YB TUAN LUKANISMAN BIN AWANG SAUNI,GPS - PBB,,,D-30,P218,SIBUTI,Sarawak,085-612169,085-614169,sibuti@gmail.com,"PEJABAT AHLI PARLIMEN P.218 & PUSAT KHIDMAT MASYARAKAT PARLIMEN P.218 SIBUTI, Lot 11185,Tingkat 1, Taman Jelita Shophouse,Taman Tunku,98000 Miri,SARAWAK.",https://www.parlimen.gov.my//images/webuser/ahli/2013/P.218-SIBUTI.png,,MAKLUMAT,
110,YB DATUK SERI PANGLIMA DR. GAPARI BIN KATINGAN@ GEOFFREY KITINGAN,STAR,,,C-15,P180,KENINGAU,Sabah,011-29888907,,j.kitingan55@gmail.com,"PERMATA WAWASAN BINGKOR,LOT 6, TINGKAT 1, PETI SURAT 2450,89008 KENINGAU, SABAH.",https://www.parlimen.gov.my//images/webuser/ahli/2013/P.180-KENINGAU.png,,MAKLUMAT,
111,YB DATUK LARRY SOON @ LARRY SNG WEI SHIEN,PBM,,,E-21,P209,JULAU,Sarawak,011-11465922,,larrysng6688@yahoo.co.uk,"Lot No.2, New Pakan Bazaar, 1st Floor, Jalan Pakan Bazaar, 96510 Julau, Sarawak.",https://www.parlimen.gov.my//images/webuser/ahli/2013/P.209-JULAU.png,,MAKLUMAT,
112,YB TUAN STEVEN CHOONG SHIAU YOON,PBM,,,D-53,P158,TEBRAU,Johor,07-3617158,07-3617158,stevenchoong1957@gmail.com,"Pusat Khidmat Rakyat Parlimen Tebrau, 24-1 Jalan Pinang 42, Taman Daya, 81200 Johor Bharu, Johor",https://www.parlimen.gov.my//images/webuser/ahli/2013/P.158-TEBRAU.png,,MAKLUMAT,
113,YB DATUK HAJAH ZURAIDA BINTI KAMARUDDIN,PBM,,Menteri Perusahaan Perladangan dan Komoditi,A-11,P099,AMPANG,Selangor,03-88803301,03-88803312,zuraida@mpic.gov.my,"Kementerian Perusahaan Perladangan dan Komoditi, No. 15, Aras 12A, Persiaran Perdana, Presint 2, Pusat Pentadbiran Kerajaan Persekutuan, 62654 PUTRAJAYA.",https://www.parlimen.gov.my//images/webuser/ahli/2013/P.099-AMPANG.png,,MAKLUMAT,
114,YB DATUK MOHAMADDIN BIN KETAPI,PBM,,,E-39,P188,LAHAD DATU,Sabah,,,mohamaddinketapi188@gmail.com,"14, FRIENDSHIP GARDEN 2, JALAN KEPAYAN,88200 KOTA KINABALU, SABAH.",https://www.parlimen.gov.my//images/webuser/ahli/2013/27.jpg,,MAKLUMAT,
115,YB TUAN MOHAMAD BIN SABU,PH - AMANAH,,,G-2,P111,KOTA RAJA,Selangor,03-51619000,03-51619000,kotarajap111@gmail.com,"Pusat Khidmat Rakyat Parlimen Kota Raja, No. 34 Jalan Temenggung Satu, Taman Sentosa Perdana Dua, 41200 Klang, Selangor Darul Ehsan.",https://www.parlimen.gov.my//images/webuser/ahli/2013/P.111-KOTA RAJA.png,,MAKLUMAT,
116,YB TUAN TAN KOK WAI,PH - DAP,,,F-1,P123,CHERAS,Kuala Lumpur,03-92857532,03-92830388,mpkokwai@hotmail.com / cherasdap@gmail.com,No. 1-1 Jalan Cerapu off Batu 3 1/2 Jalan Cheras 56100 Kuala Lumpur,https://www.parlimen.gov.my//images/webuser/ahli/2013/P.123-CHERAS.png,,MAKLUMAT,
117,YB DATO' SERI ANWAR BIN IBRAHIM,PH - PKR,,,G-1,P132,PORT DICKSON,Negeri Sembilan,,,anwar@dsaioffice.com/shukri@dsaioffice.com,"Pusat Khidmat Parlimen Port Dickson,No.1, Jalan Waterfront 1, PD Waterfront, 71000 Port Dickson,Negeri Sembilan.",https://www.parlimen.gov.my//images/webuser/ahli/2018/YB Port Dickson.png,,MAKLUMAT,
118,YB DATUK SERI PANGLIMA MADIUS BIN TANGAU,UPKO,,,G-27,P170,TUARAN,Sabah,088-223633,088-239464,wtangau@yahoo.com,"Lot 9 & 10, Tingkat 2 & 3, New World Centre, Pekan Penampang, Peti Surat 420, 89507 Penampang, Sabah.",https://www.parlimen.gov.my//images/webuser/ahli/2013/P.170-TUARAN.png,,MAKLUMAT,fb@madiustangau  twitter@madiustangau
119,YB DATUK SERI PANGLIMA HAJI MOHD SHAFIE BIN HAJI APDAL,WARISAN,,,G-4,P189,SEMPORNA,Sabah,088-369826,088-435350,shafie.apdal@outlook.com,"Pejabat Ketua Menteri,Jabatan Ketua Menteri, Tingkat 32 & 32, Blok A, Pusat Pentadbiran NegerI Sabah(PPNS),Jalan Sulaman,88400 Kota Kinabalu, SABAH.",https://www.parlimen.gov.my//images/webuser/ahli/2013/P.189-SEMPORNA.png,,MAKLUMAT,
120,YB DATUK SERI HAJI SALAHUDDIN BIN AYUB,PH - AMANAH,,,G-7,P161,PULAI,Johor,,,saladinnaib@yahoo.com,"NO. 6, JALAN PEJAL, TAMAN MELEWAR, 68100, KUALA LUMPUR",https://www.parlimen.gov.my//images/webuser/ahli/2013/P.161-PULAI.png,,MAKLUMAT,
121,YB TUAN GOBIND SINGH DEO,PH - DAP,,,G-8,P103,PUCHONG,Selangor,,,gsdeo103@gmail.com,"No.2A, Jalan 12/14, Seksyen 12, 46200 Petaling Jaya,Selangor Darul Ehsan.",https://www.parlimen.gov.my//images/webuser/ahli/2013/P.103-PUCHUNG.png,,MAKLUMAT,
122,YB DATO' SERI DR WAN AZIZAH WAN ISMAIL,PH - PKR,,,F-2,P100,PANDAN,Selangor,03-78850530,03-78850531,nonaziza@gmail.com,"Ibu Pejabat Parti Keadilan Rakyat,A-1-09, Merchant Square, No. 1, Jalan Tropicana Selatan 1, 47410, Petaling Jaya, Selangor Darul Ehsan.",https://www.parlimen.gov.my//images/webuser/ahli/2013/P.100-AMPANG.png,,MAKLUMAT,
123,YB DATUK SERI DR MUJAHID YUSOF RAWA,PH - AMANAH,,,G-9,P057,PARIT BUNTAR,Perak,05-7166520,05-7166531,parlimenparitbuntar@gmail.com,"No.7, Jalan Merbok, Pekan Baru, 34200 Parit Buntar, Perak Darul Ridzwan.",https://www.parlimen.gov.my//images/webuser/ahli/2013/P.057-PARIT BUNTAR.png,,MAKLUMAT,
124,YB TUAN CHONG CHIENG JEN,PH - DAP,,,G-14,P196,STAMPIN,Sarawak,,,dapkuching@yahoo.com,"NO.68, LOT 131, TINGKAT 1, JALAN PETANAK, 93100, KUCHING, SARAWAK.",https://www.parlimen.gov.my//images/webuser/ahli/2013/P.196-STAMPIN.png,,MAKLUMAT,
125,YB DATUK SERI SAIFUDDIN NASUTION BIN ISMAIL,PH - PKR,,,G-6,P018,KULIM-BANDAR BAHARU,Kedah,,,saifuddinnasution@yahoo.com,"A-1-5, Cita Kondo Damansara,Jalan PJU 3/27,Sunway Damansara,47810 Petaling Jaya, Selangor Darul Ehsan.",https://www.parlimen.gov.my//images/webuser/ahli/2013/P.018-Kulim Bandar Baru.png,,MAKLUMAT,
126,YB DATUK IGNATIUS DORELL LEIKING,WARISAN,,,F-10,P174,PENAMPANG,Sabah,,088-716993,dl.mppenampang@gmail.com,"Pusat Khidmat Rakyat Parlimen Penampang,Lot No.22,Tingkat 1, Golden Plaza,88500 Penampang,Sabah.",https://www.parlimen.gov.my//images/webuser/ahli/2013/P.174-PENAMPANG.png,,MAKLUMAT,
127,YB TUAN KHALID BIN ABD SAMAD,PH - AMANAH,,,G-17,P108,SHAH ALAM,Selangor,03-55238787,03-55198117,tokkhalid@gmail.com,"1B, Tingkat 2, Blok 1, World Wide Business Centre, Jalan Tinju 13/50,Seksyen 13, Shah Alam, Selangor Darul Ehsan.",https://www.parlimen.gov.my//images/webuser/ahli/2013/P.108-SHAH ALAM.png,,MAKLUMAT,
128,YB TUAN CHOW KON YEOW,PH - DAP,,,F-4,P049,TANJONG,Pulau Pinang,04-2260218,04-2260218,chowkonyeow@penang.gov.my,"Pusat Khidmat Ahli Parlimen Tanjong, No. 14-F, Jalan Arratoon, 10050 Pulau Pinang",https://www.parlimen.gov.my//images/webuser/ahli/2013/P.049-TANJONG.png,,MAKLUMAT,
129,YB DATUK SERI HAJI SHAMSUL ISKANDAR @ YUSRE BIN HAJI MOHD AKIN,PH - PKR,,,G-23,P137,HANG TUAH JAYA,Melaka,06-2860137,06-2861137,shamsuliskandar@gmail.com,"49-1, JALAN BPM 1, TAMAN BUKIT PIATU MUTIARA, 75150 MELAKA.",https://www.parlimen.gov.my//images/webuser/ahli/2013/P.137-HANG TUAH JAYA.png,,MAKLUMAT,
130,YB DATUK SERI DR. HAJI DZULKEFLY BIN AHMAD,PH - AMANAH,,,E-35,P096,KUALA SELANGOR,Selangor,,,arrawdah@gmail.com,"12, Jalan Topaz 7/4,Seksyen 7, 40000, Shah Alam, Selangor Darul Ehsan.",https://www.parlimen.gov.my//images/webuser/ahli/2013/P.096-KUALA SLEANGOR.png,,MAKLUMAT,
131,YB TUAN M. KULASEGARAN A/L V. MURUGESON,PH - DAP,,,F-5,P065,IPOH BARAT,Perak,05-5253001,05-5062708,ipoh2010@yahoo.com,"No.1, Jalan Tun Abdul Razak(Maxwel Road), Taman Idris,30100 Ipoh, Perak.",https://www.parlimen.gov.my//images/webuser/ahli/2013/P.065-IPOH BARAT.png,,MAKLUMAT,
132,YB DATO' JOHARI BIN ABDUL,PH - PKR,,,G-11,P015,SUNGAI PETANI,Kedah,04-4317366,04-4317351,johariabdul555@gmail.com,"No.1, Lorong BLM 5/26, Bandar Laguna Merbok, 08000 Sg. Petani, Kedah",https://www.parlimen.gov.my//images/webuser/ahli/2013/P.015-Sungai Petani.png,,MAKLUMAT,
133,YB DATUK MOHD AZIS BIN JAMMAN,WARISAN,,,G-21,P171,SEPANGGAR,Sabah,010-5472921,,azisjms@yahoo.com,"Lot 10, B-1-2, Alamesra Plaza Utama,Jalan Sulaman,88400 Kota Kinabalu, Sabah.",https://www.parlimen.gov.my//images/webuser/ahli/2013/P.171-SEPANGGAR.png,,MAKLUMAT,
134,YB DATO' MAHFUZ BIN HAJI OMAR,PH - AMANAH,,,F-13,P008,POKOK SENA,Kedah,,,mahfuz4555@yahoo.com,"No.11, Taman Al Walid, Jalan Langgar,05460, Alor Setar, Kedah Darul Aman.",https://www.parlimen.gov.my//images/webuser/ahli/2013/P.008-Pokok Sena.png,,MAKLUMAT,
135,YB TENGKU ZULPURI SHAH BIN RAJA PUJI,PH - DAP,,,G-20,P080,RAUB,Pahang,09-3551880,09-3551880,tengkuzulpuri@gmail.com,"Lot 149E, Jalan Gajah 8, Kampung Kubu,47000 Sungai Buloh, Selangor Darul Ehsan.",https://www.parlimen.gov.my//images/webuser/ahli/2013/P.080-RAUB.png,,MAKLUMAT,
136,YB TUAN NIK NAZMI BIN NIK AHMAD,PH - PKR,,,E-17,P118,SETIAWANGSA,Kuala Lumpur,03-41314293,,niknazmi@niknazmi.com,"Pusat Khidmat Rakyat Parlimen Setiawangsa No 3-1, Rampai Business Park, Jalan Niaga 5, 53300 Kuala Lumpur.",https://www.parlimen.gov.my//images/webuser/ahli/2013/P.118-SETIAWANGSA.png,,MAKLUMAT,
137,YB PUAN ISNARAISSAH MUNIRAH BT MAJILIS @ FAKHARUDY,WARISAN,,,E-52,P169,KOTA BELUD,Sabah,088-973991,,munirahmajilis@yahoo.com/ parlimen169@gmail.com,"Pusat Khidmat Rakyat Parlimen Kota Belud, Lot 19, First Floor, Block C, Kompleks Alapbana,89158 Kota Belud, Sabah.",https://www.parlimen.gov.my//images/webuser/ahli/2013/P.169-KOTA BELUD.png,,MAKLUMAT,
138,YB DATUK WIRA HAJI MOHD. ANUAR MOHD. TAHIR,PH - AMANAH,,,E-57,P088,TEMERLOH,Pahang,03-62421511,03-62421577,sekretariat@amanah.org.my,"Wisma Amanah Negara,No.73-1,Tingkat 1, Jalan Seri Utara,Off Jalan Ipoh,68100 Kuala Lumpur.",https://www.parlimen.gov.my//images/webuser/ahli/2013/P.088-TEMERLOH.png,,MAKLUMAT,
139,YB TUAN LIM GUAN ENG,PH - DAP,,,G-3,P043,BAGAN,Pulau Pinang,,,limguaneng@gmail.com,"No.25, Pinhorn Road,Georgetown,11600 Penang.",https://www.parlimen.gov.my//images/webuser/ahli/2013/P.043-BAGAN.png,,MAKLUMAT,
140,YB DATO' ABDULLAH SANI BIN ABDUL HAMID,PH - PKR,,,F-17,P109,KAPAR,Selangor,03-33625544,03-33596111,mpkapar109@gmail.com,"Pejabat Parlimen Kapar, 50-G (Ground) & 50-2 (2nd Floor) Jalan Sungai Agas 6A/KU3, Taman Sungai Pinang 42100 Klang Selangor",https://www.parlimen.gov.my//images/webuser/ahli/2013/P.109-KAPAR.png,,MAKLUMAT,
141,YB TUAN MA'MUN BIN SULAIMAN,WARISAN,,,E-60,P191,KALABAKAN,Sabah,089-777191,,mamunsulaiman1965@gmail.com,"TB4044, Taman Berkeley KM2, Jalan Apas, 91000 Tawau, Sabah",https://www.parlimen.gov.my//images/webuser/ahli/2013/P.191-KALABAKAN.png,,MAKLUMAT,
142,YB DATUK WIRA DR. MOHD HATTA BIN MD RAMLI,PH - AMANAH,,,E-23,P074,LUMUT,Perak,,,benramli2000@yahoo.com,"3441, Persiaran Kasawari 1, Desa Haras, Hulu Klang,68000 Ampang,Selangor Darul Ehsan.",https://www.parlimen.gov.my//images/webuser/ahli/2013/P.074-LUMUT.png,,MAKLUMAT,
143,YB PUAN TERESA KOK,PH - DAP,,,F-7,P122,SEPUTEH,Kuala Lumpur,03-79836768,03-79837576,ybteresakok1@gmail.com,"28-3A, Tingkat 4, Sri Desa Entrepreneur's Park, Jalan Kuchai Maju, 58200 KUALA LUMPUR.",https://www.parlimen.gov.my//images/webuser/ahli/2013/P.122-SEPUTEH.png,,MAKLUMAT,
144,YB TUAN AHMAD FAHMI BIN MOHAMED FADZIL,PH - PKR,,,G-25,P121,LEMBAH PANTAI,Kuala Lumpur,03-22422757/2758/2759,03-22422755,fahmi@fahmifadzil.com,"Pejabat Ahli Parlimen Lembah Pantai,Unit 1-13,Centrio Pantai Hillpark,No.1, Jalan Pantai Murni,Kg.Kerinci,59200 KUALA LUMPUR.",https://www.parlimen.gov.my//images/webuser/ahli/2013/P.121-LEMBAH PANTAI.png,,MAKLUMAT,
145,YB TUAN HAJI AHMAD BIN HASSAN,WARISAN,,,D-57,P175,PAPAR,Sabah,,,ahfeeraahmad@yahoo.com,"HSE No. 40, Lorong 1, Taman Sahabat, 88300 Penampang, Sabah.",https://www.parlimen.gov.my//images/webuser/ahli/2013/P.175-PAPAR.png,,MAKLUMAT,
146,YB TUAN MOHAMED HANIPA BIN MAIDIN,PH - AMANAH,,,G-26,P113,SEPANG,Selangor,,,hanipamaidin12@gmail.com,"No.23, Jalan SG 1/29, Taman Sri Gombak, 68100 Batu Caves, Selangor Darul Ehsan.",https://www.parlimen.gov.my//images/webuser/ahli/2013/P.113-SEPANG.png,,MAKLUMAT,
147,YB TUAN NGA KOR MING,PH - DAP,,,G-13,P076,TELUK INTAN,Perak,05-2531532,05-2535803,dapperak@gmail.com,"48, Medan Istana 1, Bandar Ipohraya, 30000 Ipoh, Perak",https://www.parlimen.gov.my//images/webuser/ahli/2013/P.076-TELUK INTAN.png,,MAKLUMAT,
148,YB PUAN FUZIAH BINTI SALLEH,PH - PKR,,,G-16,P083,KUANTAN,Pahang,09-5130518,,pejparlimenp083@gmail.com,"PEJABAT AHLI PARLIMEN KUANTAN, A-3,TINGKAT 1, KUANTAN AVENUE, JALAN BESERAH, 25150 KUANTAN, PAHANG DARUL MAKMUR.",https://www.parlimen.gov.my//images/webuser/ahli/2013/P.083-KUANTAN.png,,MAKLUMAT,
149,YB DATUK ROZMAN BIN ISLI,WARISAN,,,D-58,P166,LABUAN,Labuan,087-504094,,rozmanisli@gmail.com,"Lot F02,Tingkat 1, Terminal Feri Antarabangsa Labuan,87008 Wilayah Persekutuan Labuan.",https://www.parlimen.gov.my//images/webuser/ahli/2013/P.166-LABUAN.png,,MAKLUMAT,
150,YB DATUK HAJI HASANUDDIN BIN MOHD YUNUS,PH - AMANAH,,,E-14,P101,HULU LANGAT,Selangor,03-87411117,03-62071547,parlimen.hululangat@amanah.org.my,No. 29 Jalan TTDI Grove 7/1 Seksyen 9 Taman TTDI Grove 43000 Kajang Selangor,https://www.parlimen.gov.my//images/webuser/ahli/2013/P.101-HULU LANGAT.png,,MAKLUMAT,
151,YB TUAN SIVAKUMAR VARATHARAJU NAIDU,PH - DAP,,,G-28,P066,BATU GAJAH,Perak,05-2882105,05-2882105,sivakumarmpbg@gmail.com,"Pusat Khidmat Masyarakat Parlimen Batu Gajah, No. 42A Laluan Saujana 1, Taman Saujana, 31000 Batu Gajah,Perak.",https://www.parlimen.gov.my//images/webuser/ahli/2013/P.066-BATU GAJAH.png,,MAKLUMAT,
152,YB TUAN FONG KUI LUN,PH - DAP,,,G-10,P120,BUKIT BINTANG,Kuala Lumpur,03-21412762,03-21449440,kuilun@yahoo.com / dapbukitbintang@gmail.com,"8A, Lorong Brunei 2, Off Jalan Pudu, 55100 Kuala Lumpur",https://www.parlimen.gov.my//images/webuser/ahli/2013/P.120-BUKIT BINTANG.png,,MAKLUMAT,
153,YB TUAN SIVARASA A/L K. RASIAH,PH - PKR,,,F-15,P107,SUNGAI BULOH,Selangor,03-61571842,,sivarasa.rasiah@gmail.com,"No.3, Jalan 14/51, 46100 Petaling Jaya, Selangor Darul Ehsan.",https://www.parlimen.gov.my//images/webuser/ahli/2013/P.107-SUNGAI BULOH.png,,MAKLUMAT,
154,YB DATUK DR. HASAN BIN BAHROM,PH - AMANAH,,,D-43,P133,TAMPIN,Negeri Sembilan,06-4410196,06-4410196,hasanbahrom@gmail.com,"Pusat Khidmat Masyarakat Ahli Parlimen Tampin, No. 41, Tingkat Satu, Jalan Besar Tampin, 73000 Tampin, Negeri Sembilan.",https://www.parlimen.gov.my//images/webuser/ahli/2013/P.133-TAMPIN.png,,MAKLUMAT,
155,YB DATO' NGEH KOO HAM,PH - DAP,,,G-24,P068,BERUAS,Perak,019-5506773,,ngehkooham@gmail.com,"Lot 1935, Kampung Baru, 32400 Ayer Tawar, Perak Darul Ridzwan.",https://www.parlimen.gov.my//images/webuser/ahli/2013/P.068-BERUAS.png,,MAKLUMAT,
156,YB TUAN WILLIAM LEONG JEE KEEN,PH - PKR,,,F-11,P097,SELAYANG,Selangor,03-6138 8088,03-6138 8088,wileong97@gmail.com,"Pusat Khidmat Rakyat Parlimen Selayang No. 16A, Jalan 2/12 Dataran Templer, 68100 Batu Caves, Selangor.",https://www.parlimen.gov.my//images/webuser/ahli/2013/P.097-SELAYANG.png,,MAKLUMAT,
157,YB TUAN LOKE SIEW FOOK,PH - DAP,,,F-12,P128,SEREMBAN,Negeri Sembilan,06-7634525,06-7646610,siewfook@gmail.com / mpseremban128@gmail.com,"No.447,Tingkat Bawah, Jalan Tun Dr. Ismail,70200 Seremban, Negeri Sembilan.",https://www.parlimen.gov.my//images/webuser/ahli/2013/P.128-SEREMBAN.png,,MAKLUMAT,
158,YB DR. LEE BOON CHYE,PH - PKR,,,F-8,P071,GOPENG,Perak,05-3110656,05-3110656,parlimen.gopeng@gmail.com,"Pusat Khidmat Rakyat Parlimen Gopeng 78, Lebuh Lapangan Siber 2, Bandar Cyber, 31350 Ipoh, Perak.",https://www.parlimen.gov.my//images/webuser/ahli/2013/P.071-GOPENG.png,,MAKLUMAT,
159,YB TUAN SU KEONG SIONG,PH - DAP,,,E-40,P070,KAMPAR,Perak,05-4684611,05-3216186,mr.thomassu@gmail.com,"No. 11A, Laluan Batu Sinar 2, Kampar Sentral, Kampar 31900, Perak.",https://www.parlimen.gov.my//images/webuser/ahli/2013/P.070-KAMPAR.png,,MAKLUMAT,
160,YB TUAN SIM TZE TZIN,PH - PKR,,,E-31,P052,BAYAN BARU,Pulau Pinang,04-6553088,04-6553088,bayanbarump@gmail.com,"No.19, Jalan Sungai Dua,11709, Gelugor, Pulau Pinang.",https://www.parlimen.gov.my//images/webuser/ahli/2013/P.052-BAYAN BARU.png,,MAKLUMAT,
161,YB TUAN KHOO POAY TIONG,PH - DAP,,,E-25,P138,KOTA MELAKA,Melaka,06-2644945/0111-0660567,,ptkhoo70@gmail.com,"12, Jalan KLJ 8, Taman Kota Laksamana Jaya, 75200 Melaka.",https://www.parlimen.gov.my//images/webuser/ahli/2013/P.138-KOTA MELAKA.png,,MAKLUMAT,
162,YB DR. AZMAN BIN ISMAIL,PH - PKR,,,E-10,P010,KUALA KEDAH,Kedah,,,pkked2@gmail.com,"410, Jalan Kenanga 10, Taman Seri Ampang, 05050 Alor Setar, Kedah Darul Aman.",https://www.parlimen.gov.my//images/webuser/ahli/2013/P.010-Kuala Kedah.png,,MAKLUMAT,
163,YB TUAN TONY PUA KIAM WEE,PH - DAP,,,G-18,P106,DAMANSARA,Selangor,03-77260441,03-77260443,tonypua@yahoo.com,"55-M, Jalan SS 21/1A, Damansara Utama, 47400 Petaling Jaya, Selangor Darul Ehsan.",https://www.parlimen.gov.my//images/webuser/ahli/2013/P.106-DAMANSARA.png,,MAKLUMAT,
164,YB PUAN NURUL IZZAH BINTI ANWAR,PH - PKR,,,F-3,P044,PERMATANG PAUH,Pulau Pinang,04-5221463,04-5211141,mp@nurulizzah.com,"Pusat Khidmat Rakyat Permatang Pauh, Bangunan Yayasan Aman Kubang Semang 14400 Pulau Pinang",https://www.parlimen.gov.my//images/webuser/ahli/2013/P.044-PERMATANG PAUH.png,,MAKLUMAT,
165,YB PUAN YEO BEE YIN,PH - DAP,,,F-20,P145,BAKRI,Johor,06-9592116,,yeobeeyindap@gmail.com,"Pusat Khidmat Rakyat Parlimen Bakri,No.20, Tingkat 2, Jalan Mega 1, Pusat Perdagangan Mega, Jalan Fakeh, 84000 Muar, Johor Darul Takzim.",https://www.parlimen.gov.my//images/webuser/ahli/2013/P.145-BAKRI.png,,MAKLUMAT,
166,YB DR. MICHAEL TEO YU KENG,PH - PKR,,,G-19,P219,MIRI,Sarawak,085-414625,085-425512,mic4848@hotmail.com,"Pusat Khidmat Parlimen Miri,Lot 1158,Jalan Sri Dagang, Tingkat Dua, Water front Commercial Centre, 98000 Miri, Sarawak.",https://www.parlimen.gov.my//images/webuser/ahli/2013/P.219-MIRI.png,,MAKLUMAT,
167,YB DR. ONG KIAN MING,PH - DAP,,,F-18,P102,BANGI,Selangor,03-87401108,03-87401108,ongkianming.office@gmail.com / im.ok.man@gmail.com,"67A, Tingkat 1, Taman Sri Reko,Jalan Reko,43000 Kajang, Selangor Darul Ehsan.",https://www.parlimen.gov.my//images/webuser/ahli/2013/P.102-BANGI.png,,MAKLUMAT,
168,YB DATIN PADUKA DR. TAN YEE KEW,PH - PKR,,,F-6,P116,WANGSA MAJU,Kuala Lumpur,03-41444342,,wangsamaju.tyk@gmail.com,"20-2, Tingkat 2, Blok B,Platinum Walk, Jalan Ibukota Off Jalan Genting Klang, Wangsa Maju,53300 Kuala Lumpur.",https://www.parlimen.gov.my//images/webuser/ahli/2013/P.116-WANGSA MAJU.png,,MAKLUMAT,
169,YB PUAN TEO NIE CHING,PH - DAP,,,G-22,P163,KULAI,Johor,07-6639842,,teonieching.office@gmail.com,"Pusat Khidmat Rakyat Parlimen Kulai, 58-4, Jalan Tropika 1, Taman Tropika, 81000 Kulai, Johor Darul Takzim.",https://www.parlimen.gov.my//images/webuser/ahli/2013/P.163-KULAI.png,,MAKLUMAT,
170,YB TUAN WONG CHEN,PH - PKR,,,F-19,P104,SUBANG,Selangor,03-80807918,03-80824919,mp@wongchen.com,"Pusat Khidmat Rakyat Parlimen Subang, No.2-12, Jalan Cenuk 1, Bandar Puchong Jaya, 47100 Puchong, Selangor Darul Ehsan.",https://www.parlimen.gov.my//images/webuser/ahli/2013/P.104-SUBANG.png,,MAKLUMAT,
171,YB TUAN LIM KIT SIANG,PH - DAP,,,G-5,P162,ISKANDAR PUTERI,Johor,03-92005000,03-92007000,limkitsiang@gmail.com,"Ibu Pejabat Kebangsaan Parti Tindakan Demokratik, Jalan Yew, 55100 Kuala Lumpur.",https://www.parlimen.gov.my//images/webuser/ahli/2013/P.162-ISKANDAR PUTERI.png,,MAKLUMAT,
172,YB PUAN MARIA CHIN BINTI ABDULLAH,PH - PKR,,,E-50,P105,PETALING JAYA,Selangor,03-77725931,TIADA,mariaparlimen@gmail.com,"Pejabat Ahli Parlimen P105 Petaling Jaya, No.60-1(First Floor), Jalan PJS 1/50, Petaling Utama Avenue, 46150 Petaling Jaya, Selangor Darul Ehsan.",https://www.parlimen.gov.my//images/webuser/ahli/2013/Petaling Jaya.png,,MAKLUMAT,
173,YB TUAN WONG KAH WOH,PH - DAP,,,E-19,P064,IPOH TIMUR,Perak,05-5482907,05-5482907,mp.wongkahwoh@gmail.com,"Wisma Impianan @ No. 574 Jalan Pasar, Kampung Simee, 31400 Ipoh, Perak.",https://www.parlimen.gov.my//images/webuser/ahli/2013/P.064-IPOH TIMUR.png,,MAKLUMAT,
174,YB DATUK LIEW CHIN JIN,PH - PKR,,,E-27,P190,TAWAU,Sabah,088-247452,088-247453,ybchristinaliew@gmail.com,"No. 602, Jalan Sang Kancil Satu, 88300 Kota Kinabalu, Sabah",https://www.parlimen.gov.my//images/webuser/ahli/2013/P.190-TAWAU.png,,MAKLUMAT,
175,YB TUAN LIM LIP ENG,PH - DAP,,,E-33,P114,KEPONG,Kuala Lumpur,03-62428606,03-62423606,parlimenkepong@gmail.com,"G4 & 1-4, Vista Magna,Jalan Prima 1,Metro Prima,Jalan Kepong,52100 Kuala Lumpur.",https://www.parlimen.gov.my//images/webuser/ahli/2013/P.114-KEPONG.png,,MAKLUMAT,
176,YB TUAN SYED IBRAHIM BIN SYED NOH,PH - PKR,,,E-15,P144,LEDANG,Johor,013-6944462,,syed1820@gmail.com,"Tingkat 1, No. 6A, Taman Emas, Jalan Sialang, 84900 Tangkak, Johor Darul Takzim.",https://www.parlimen.gov.my//images/webuser/ahli/2013/P.144-LEDANG.png,,MAKLUMAT,
177,YB TUAN CHARLES ANTHONY SANTIAGO,PH - DAP,,,E-29,P110,KLANG,Selangor,603-33232122,603-33243096,charlessantiago@gmail.com,"No. 2A Jalan Bayu Tinggi 8/KS6, Batu Unjur, 41200 Klang, Selangor Darul Ehsan.",https://www.parlimen.gov.my//images/webuser/ahli/2013/P.110-KLANG.png,,MAKLUMAT,
178,YB TUAN KESAVAN A/L SUBRAMANIAM,PH - PKR,,,D-49,P062,SUNGAI SIPUT,Perak,05-5980062,05-5981062,kesavan.sgsiput@gmail.com,"Lot No.81, Batu 10, Jalan Hutan Melintang 36400, Hutang Melintang, Perak",https://www.parlimen.gov.my//images/webuser/ahli/2013/P.062-SUNGAI SIPUT.png,,MAKLUMAT,
179,YB PUAN ALICE LAU KIONG YIENG,PH - DAP,,,F-16,P211,LANANG,Sarawak,084-336671,084-318219,alicelky81@gmail.com,"No.7, Jalan Sebuyau, 96000 Sibu, Sarawak",https://www.parlimen.gov.my//images/webuser/ahli/2013/P.211-LANANG.png,,MAKLUMAT,
180,YB TUAN CHANG LIH KANG,PH - PKR,,,G-12,P077,TANJONG MALIM,Perak,05-4520221,05-3213014,changlihkang@gmail.com,"7, Persiaran Bunga Saroja 3, Taman Melor, 31650 Ipoh, Perak Darul Ridzwan.",https://www.parlimen.gov.my//images/webuser/ahli/2013/P.077-TANJONG MALIM.png,,MAKLUMAT,
181,YB PUAN KASTHURIRAANI A/P PATTO,PH - DAP,,,E-16,P046,BATU KAWAN,Pulau Pinang,04-5681638,04-5681637,kasthuripatto1638@gmail.com,"Pusat Khidmat Rakyat Parlimen Batu Kawan, No.12, Jalan Bukit Tambun, Taman Kasawari, 14100 Simpang Ampat, Pulau Pinang.",https://www.parlimen.gov.my//images/webuser/ahli/2013/P.046-BATU KAWAN.png,,MAKLUMAT,
182,YB PUAN NOR AZRINA BINTI SURIP,PH - PKR,,,F-21,P014,MERBOK,Kedah,04-4445110,,nurin.parlimenmerbok@gmail.com,"No. 59, Lorong BLM 6/2, Bandar Laguna Merbok, 08000, Sg. Petani, Kedah Darul Aman.",https://www.parlimen.gov.my//images/webuser/ahli/2013/P.014-Merbok.png,,MAKLUMAT,
183,YB TUAN OSCAR LING CHAI YEW,PH - DAP,,,E-44,P212,SIBU,Sarawak,084-322001,084-322001,oscarling1977@gmail.com,"No. 67, 1st & 2nd Floor, Rejang Park Commercial Centre, 96000 Sibu, Sarawak.",https://www.parlimen.gov.my//images/webuser/ahli/2013/P.212-SIBU.png,,MAKLUMAT,
184,YB TUAN WONG LING BIU,PH - DAP,,,E-58,P208,SARIKEI,Sarawak,084-653608,084-653608,lingbiuandrewwong@gmail.com,"No. 3, Jalan Tung Yee 2, 96100 Sarikei, Sarawak.",https://www.parlimen.gov.my//images/webuser/ahli/2013/P.208-SARIKEI.png,,MAKLUMAT,
185,YB PUAN JUNE LEOW HSIAD HUI,PH - PKR,,,E-41,P094,HULU SELANGOR,Selangor,03-60909520,03-60909520,huluselangorp094@gmail.com,"No.15, Jalan Helikonia, Pusat Perniagaan Helikonia,Sungai Choh, 48000 Rawang, Selangor Darul Ehsan.",https://www.parlimen.gov.my//images/webuser/ahli/2013/P.094-HULU SELANGOR.png,,MAKLUMAT,
186,YB TUAN RAMKARPAL SINGH A/L KARPAL SINGH,PH - DAP,,,E-13,P051,BUKIT GELUGOR,Pulau Pinang,,,ramkarpalbg@gmail.com,"No. 144A Jalan Utama, 10450 Georgetown, Pulau Pinang",https://www.parlimen.gov.my//images/webuser/ahli/2013/P.051-BUKIT GELUGOR.png,,MAKLUMAT,
187,YB TUAN HAJI AKMAL NASRULLAH BIN MOHD NASIR,PH - PKR,,,G-15,P160,JOHOR BAHRU,Johor,011-64103206,,khidmatrakyatjb@gmail.com,"Pusat Khidmat Rakyat Johor Bahru,No.50-01,Jalan Idaman 3, Taman Larkin Idaman, 80350 Johor Bahru.",https://www.parlimen.gov.my//images/webuser/ahli/2013/P.160-JOHOR BAHRU.png,,MAKLUMAT,
188,YB TUAN CHAN FOONG HIN,PH - DAP,,,E-9,P172,KOTA KINABALU,Sabah,088-205164,088-205164,chanfoonghin@gmail.com,"Pusat Khidmat Rakyat Parlimen P.172 Kota Kinabalu, Hse No. 106, Lot 78, Lorong Kijang Luyang Fasa 3, Jalan Kolam, 88300 Kota Kinabalu, SABAH.",https://www.parlimen.gov.my//images/webuser/ahli/2013/P.172-KOTA KINABALU.png,,MAKLUMAT,
189,YB TUAN CHAN MING KAI,PH - PKR,,,E-12,P009,ALOR SETAR,Kedah,04-7302938,,parlimen.alorsetar@gmail.com,"315B, Jalan Tengah, Off Jalan Putra, 05100 Alor Setar, Kedah Darul Aman.",https://www.parlimen.gov.my//images/webuser/ahli/2013/P.009-Alor Setar.png,,MAKLUMAT,
190,YB TUAN SIM CHEE KEONG,PH - DAP,,,E-11,P045,BUKIT MERTAJAM,Pulau Pinang,04-5381226,,stevensim.office@gmail.com,"BUKIT MERTAJAM SERVICE CENTRE, G-10 PRECINT 1 @ SUNWAY WELLESLEY, JALAN MUTHU PALANIAPAN,14000 BUKIT MERTAJAM, PULAU PINANG.",https://www.parlimen.gov.my//images/webuser/ahli/2013/P.045-BUKIT MERTAJAM.png,,MAKLUMAT,
191,YB TUAN NOOR AMIN BIN AHMAD,PH - PKR,,,E-46,P002,KANGAR,Perlis,04-9762018,,mpkangar14@gmail.com,"25(Tingkat Atas), Jalan Sena Indah,Taman Sena Indah,01000 Kangar, Perlis",https://www.parlimen.gov.my//images/webuser/ahli/2013/P.002-Kangar.png,,MAKLUMAT,
192,YB PUAN HANNAH YEOH,PH - DAP,,,F-22,P117,SEGAMBUT,Kuala Lumpur,03-97716864,03-97716865,hannah@hannahyeoh.com,"Pusat Khidmat Rakyat Ahli Parlimen Segambut P117, Lot LG-09A, Level LG, United Point, 10, Jalan Lang Emas, 51200 Kuala Lumpur.",https://www.parlimen.gov.my//images/webuser/ahli/2013/P.117-SEGAMBUT.png,,MAKLUMAT,
193,YB TUAN KARUPAIYA A/L MUTUSAMI,PH - PKR,,,D-55,P017,PADANG SERAI,Kedah,04-4845104,04-4845104,mkaru.apps@gmail.com,"143, Jalan Cendawan 6, Taman Bayam, 09600 Lunas, Kedah",https://www.parlimen.gov.my//images/webuser/ahli/2013/P.017-Padang Serai.png,,MAKLUMAT,
194,YB TUAN MORDI BIMOL,PH - DAP,,,E-53,P192,MAS GADING,Sarawak,082-764178,,mordibimol@gmail.com,"Aras 1, Lot 731, Blok A, Pekan Bau,94000 Kuching, Sarawak.",https://www.parlimen.gov.my//images/webuser/ahli/2013/P.192-MAS GADING.png,,MAKLUMAT,
195,YB PUAN RUSNAH BINTI ALUAI,PH - PKR,,,D-41,P136,TANGGA BATU,Melaka,06-3370404,06-3370440,rusnahp136@gmail.com,"PUSAT KHIDMAT RAKYAT PARLIMEN TANGGA BATU, No.31, Jalan PE 3, Taman Paya Emas, 76450 Paya Rumput, Melaka.",https://www.parlimen.gov.my//images/webuser/ahli/2013/P.136-TANGGA BATU.png,,MAKLUMAT,
196,YB TUAN WONG TACK,PH - DAP,,,E-48,P089,BENTONG,Pahang,,,wongtack2018@gmail.com,"No. 40 B, Tingkat Atas, Jalan Chui Yin, 28700 Bentong, Pahang Darul Makmur.",https://www.parlimen.gov.my//images/webuser/ahli/2013/P.089-BENTONG.png,,MAKLUMAT,
197,YB PUAN HAJAH NATRAH ISMAIL,PH - PKR,,,D-39,P141,SEKIJANG,Johor,07-9431682,07-9431813,admin@pkrsekijang.com,"No.19,Jalan Desa 1, Taman Desa, 85000 Segamat,Johor.",https://www.parlimen.gov.my//images/webuser/ahli/2013/P.141-SEKIJANG.png,,MAKLUMAT,
198,YB DR. KELVIN YII LEE WUEN,PH - DAP,,,D-45,P195,BANDAR KUCHING,Sarawak,082-335531,,kelvinyiidap@gmail.com,"97, Lorong Abang Abdul Rahim 5A, 93450 Kuching, Sarawak",https://www.parlimen.gov.my//images/webuser/ahli/2013/P.195-BANDAR KUCHING.png,,MAKLUMAT,
199,YB PUAN WONG SHU QI,PH - DAP,,,D-47,P152,KLUANG,Johor,07-7711778,,mp@wongshuqi.my,"29, Jalan Perniagaan Tasik 1, Pusat Perniagaan Tasik, 86000 Kluang, Johor",https://www.parlimen.gov.my//images/webuser/ahli/2013/P.152-KLUANG.png,,MAKLUMAT,
200,YB TUAN HASSAN BIN ABDUL KARIM,PH - PKR,,,E-43,P159,PASIR GUDANG,Johor,07-6881839 / 07-6877952,07-6882369,hassan.abdulkarim51@gmail.com,"No.55B,Kampung Melayu, Pontian Besar Kiri, 82000 Pontian, Johor.",https://www.parlimen.gov.my//images/webuser/ahli/2013/P.159-PASIR GUDANG.png,,MAKLUMAT,
201,YB TUAN TEH KOK LIM,PH - DAP,,,D-52,P060,TAIPING,Perak,05-8050672,05-8083100,koklimteh@gmail.com,"101, Tingkat 1, Jalan Taming Sari, 34000 Taiping, Perak Darul Ridzwan.",https://www.parlimen.gov.my//images/webuser/ahli/2013/P.060-TAIPING.png,,MAKLUMAT,
202,YB TUAN AWANG HUSAINI BIN SAHARI,PH - PKR,,,D-51,P173,PUTATAN,Sabah,088-778865,,husainisahari67@gmail.com / parlimenputatan@gmail.com,"Pejabat Pusat Khidmat Ahli Parlimen P173 Putatan, Lot 1 Aras 2 Silvergate Plaza Jalan Taipakkung 88200 Putatan Sabah",https://www.parlimen.gov.my//images/webuser/ahli/2013/P.173-PUTATAN.png,,MAKLUMAT,
203,YB TUAN CHA KEE CHIN,PH - DAP,,,D-50,P130,RASAH,Negeri Sembilan,06-6015557,06-6015357,pejabatmprasah@gmail.com,"No. 531, Tingkat Bawah, Jalan Haruan 4/6, Pusat Komersial Oakland,70300 Seremban, Negeri Sembilan.",https://www.parlimen.gov.my//images/webuser/ahli/2013/P.130-RASAH.png,,MAKLUMAT,
204,YB TUAN SANISVARA NETHAJI RAYER A/L RAJAJI,PH - DAP,,,D-37,P050,JELUTONG,Pulau Pinang,04-2828678,04-2299815,p50.jelutong@yahoo.com,"No. 90E, Lorong Perak, 11600 Jelutong, Pulau Pinang.",https://www.parlimen.gov.my//images/webuser/ahli/2013/P.050-JELUTONG.png,,MAKLUMAT,
205,YB PUAN NOORITA BINTI SUAL,PH - DAP,,,D-56,P181,TENOM,Sabah,087-734898,,parlimenp181tenom@gmail.com,"Tingkat 1, Dewan Datuk Seri Panglima Antanom, 89908 Tenom, Sabah",https://www.parlimen.gov.my//images/webuser/ahli/2013/P.181-TENOM.png,,MAKLUMAT,
206,YB DATO' MUHAMMAD BAKHTIAR BIN WAN CHIK,PH - PKR,,,E-37,P053,BALIK PULAU,Pulau Pinang,04-8660807,04-8660997,bakhtiar.m@gmail.com,"8 Jalan Bidai U8/22, Bukit Jelutong 40150 Shah Alam, Selangor",https://www.parlimen.gov.my//images/webuser/ahli/2013/P.053-BALIK PULAU.png,,MAKLUMAT,
207,YB TUAN WONG HON WAI,PH - DAP,,,E-42,P048,BUKIT BENDERA,Pulau Pinang,04-8930352,,wonghonwai1973@gmail.com,"No.14,Jalan Evergreen 5,10470 Mount Erskine,Pulau Pinang.",https://www.parlimen.gov.my//images/webuser/ahli/2013/P.048-BUKIT BENDERA.png,,MAKLUMAT,
208,YB TUAN P. PRABAKARAN,PH - PKR,,,E-55,P115,BATU,Kuala Lumpur,03-27127115,03-27128115,prabaparam@gmail.com,"698 Unit 1-1-7,Kompleks Kantonment Prima, Jalan Sultan Azlan Shah,51200 Kuala Lumpur.",https://www.parlimen.gov.my//images/webuser/ahli/2013/P.115-BATU.png,,MAKLUMAT,
209,YB TUAN PANG HOK LIONG,PH - DAP,,,D-48,P142,LABIS,Johor,,,magnacartaphl@yahoo.com,"No. 3, Jalan Putra 1/39, Bandar Putra, 85000 Segamat, Johor Darul Takzim.",https://www.parlimen.gov.my//images/webuser/ahli/2013/P.142-LABIS.png,,MAKLUMAT,
210,YB PUAN VIVIAN WONG SHIR YEE,PH - DAP,,,D-54,P186,SANDAKAN,Sabah,089-218713,,vivianwongshiryee@gmail.com,"Pusat Khidmat Rakyat Parlimen P186 Sandakan, B-7-2, Tingkat 2, Lorong Letat Jaya 1, Bandar Letat Jaya, Sandakan, Sabah.",https://www.parlimen.gov.my//images/webuser/ahli/2019/YB Sandakan.jpg,,MAKLUMAT,
211,YB DR. MASZLEE BIN MALIK,PH - PKR,,,E-4,P151,SIMPANG RENGGAM,Johor,07-7550217,07-7550718,nursulaimanz@gmail.com,"37, JALAN WAWASAN, PUSAT PERNIAGAAN WAWASAN, 86200 SIMPANG RENGGAM, JOHOR.",https://www.parlimen.gov.my//images/webuser/ahli/2013/P.151-SIMPANG RENGGAM.png,,MAKLUMAT,
212,YB TUAN BARU BIAN,PSB,,,D-60,P214,SELANGAU,Sarawak,,082-265560,bianbaru@gmail.com,"Sublot 1, Lot 4867,Lorong Setia Raya 4F, Taman Casa Marbella,93350 Kuching,Sarawak.",https://www.parlimen.gov.my//images/webuser/ahli/2013/P.214-SELANGAU.png,,MAKLUMAT,
213,YB TUAN TAMBAT@ JUGAH ANAK MUYANG,BEBAS,,,D-36,P203,LUBOK ANTU,Sarawak,,,jugahmuyang@gmail.com,"Lot 1745, 158 Top Green Height, Jalan Datuk Stephen Yong, 93250 Kuching SARAWAK.",https://www.parlimen.gov.my//images/webuser/ahli/2013/P.203-LUBOK ANTU.png,,MAKLUMAT,
214,YB DATO' DR. XAVIER JAYAKUMAR A/L ARULANANDAM,BEBAS,,,G-9,P112,KUALA LANGAT,Selangor,03-31802412,,kualalangatparlimen@gmail.com,"48, Jalan Pekan 2, Taman Seri,42700 Banting, Selangor Darul Ehsan.",https://www.parlimen.gov.my//images/webuser/ahli/2013/P.112-KUALA LANGAT.png,,MAKLUMAT,
215,YB DATO' MASIR ANAK KUJAT,BEBAS,,,D-59,P202,SRI AMAN,Sarawak,014-8983385 / 016-2449802,,p202sriaman@gmail.com,"No. 2009, Lorong Stutong 16A, Height Estate, 93500 Kuching, Sarawak",https://www.parlimen.gov.my//images/webuser/ahli/2013/P.202-SRI AMAN.png,,MAKLUMAT,
216,YB DATO' DR. MOHD KHAIRUDDIN BIN AMAN RAZALI,BEBAS,,,A-19,P035,KUALA NERUS,Terengganu,09-6623536,,drtakiri2015@gmail.com,"Lot PT 34232, Lembah Takir, Kg. Baru, Seberang Takir, 21300 Kuala Nerus, Terengganu.",https://www.parlimen.gov.my//images/webuser/ahli/2013/P.035-KUALA NERUS.png,,MAKLUMAT,
217,YB TUN DR. MAHATHIR BIN MOHAMAD,PEJUANG,,,E-1,P004,LANGKAWI,Kedah,03-88858900,03-88891166,drmahathir@perdana.org.my,"YAYASAN KEPIMPINAN PERDANA, NO 1, JALAN P8H, PRESINT 8, 62250 PUTRAJAYA, WILAYAH PERSEKUTUAN",https://www.parlimen.gov.my//images/webuser/ahli/2013/P.004-Langkawi.png,,MAKLUMAT,
218,YB DATO' SERI UTAMA HAJI MUKHRIZ TUN DR. MAHATHIR,PEJUANG,,,E-3,P005,JERLUN,Kedah,03-64118338,03-64118002,mukhrizm@gmail.com,"5, Jalan Tun Ismail 1, Bukit Tunku, 50480 Kuala Lumpur",https://www.parlimen.gov.my//images/webuser/ahli/2013/P.005-Jerlun.png,,MAKLUMAT,
219,YB DATO' WIRA HAJI AMIRUDDIN BIN HAJI HAMZAH,PEJUANG,,,E-6,P006,KUBANG PASU,Kedah,04-9172902,,amiruddinhamzah@gmail.com,"No.2, Jalan Desa Bestari 7, Taman Desa Bestari,43900 Salak Tinggi, Sepang, Selangor Darul Ehsan.",https://www.parlimen.gov.my//images/webuser/ahli/2013/P.006-Kubang Pasu.png,,MAKLUMAT,
220,YB DATUK DR. SHARUDDIN BIN MD SALLEH,PEJUANG,,,E-7,P149,SRI GADING,Johor,07-4559277,,khidmatrakyatsrigading@gmail.com,"Pusat Khidmat Rakyat Parlimen Sri Gading, No.14,Jalan Kencana 1A/24,Taman Pura Kencana Sri Gading, 83300 Batu Pahat JOHOR BHARU.",https://www.parlimen.gov.my//images/webuser/ahli/2013/P.149-SRI GADING.png,,MAKLUMAT,
221,YB TUAN SYED SADDIQ BIN SYED ABDUL RAHMAN,MUDA,,,E-5,P146,MUAR,Johor,,,info@syedsaddiq.my,"Pusat Khidmat Ahli Parlimen Muar,G-6, No.1, Lot 3352,Jalan Abdul Rahman,84000 Muar, Johor Darul Takzim.",https://www.parlimen.gov.my//images/webuser/ahli/2013/P.146-MUAR.png,,MAKLUMAT,
